parent_project_id_namespace	parent_project_local_id	child_project_id_namespace	child_project_local_id
tag:hmpdacc.org,2021-03-08:	3fffbefb34d749c629dc9d147b18e893	tag:hmpdacc.org,2021-03-08:	1419f08f554e0c93f3b62fe90c004066
tag:hmpdacc.org,2021-03-08:	3fffbefb34d749c629dc9d147b18e893	tag:hmpdacc.org,2021-03-08:	194149ed5273e3f94fc60a9ba58f7c24
tag:hmpdacc.org,2021-03-08:	3a51534abc6e1a5ee6d9cc86c4007b56	tag:hmpdacc.org,2021-03-08:	3a51534abc6e1a5ee6d9cc86c400a5a3
tag:hmpdacc.org,2021-03-08:	3a51534abc6e1a5ee6d9cc86c400a5a3	tag:hmpdacc.org,2021-03-08:	3a51534abc6e1a5ee6d9cc86c400a91f
tag:hmpdacc.org,2021-03-08:	3a51534abc6e1a5ee6d9cc86c400a5a3	tag:hmpdacc.org,2021-03-08:	3a51534abc6e1a5ee6d9cc86c400ae72
tag:hmpdacc.org,2021-03-08:	3a51534abc6e1a5ee6d9cc86c400a5a3	tag:hmpdacc.org,2021-03-08:	3a51534abc6e1a5ee6d9cc86c400bc46
tag:hmpdacc.org,2021-03-08:	3a51534abc6e1a5ee6d9cc86c400a5a3	tag:hmpdacc.org,2021-03-08:	3a51534abc6e1a5ee6d9cc86c400c10e
tag:hmpdacc.org,2021-03-08:	3a51534abc6e1a5ee6d9cc86c400a5a3	tag:hmpdacc.org,2021-03-08:	3a51534abc6e1a5ee6d9cc86c400cf3b
tag:hmpdacc.org,2021-03-08:	3a51534abc6e1a5ee6d9cc86c400a5a3	tag:hmpdacc.org,2021-03-08:	3a51534abc6e1a5ee6d9cc86c400d433
tag:hmpdacc.org,2021-03-08:	3a51534abc6e1a5ee6d9cc86c400a5a3	tag:hmpdacc.org,2021-03-08:	3a51534abc6e1a5ee6d9cc86c400d4a4
tag:hmpdacc.org,2021-03-08:	3a51534abc6e1a5ee6d9cc86c400a5a3	tag:hmpdacc.org,2021-03-08:	3a51534abc6e1a5ee6d9cc86c400dab1
tag:hmpdacc.org,2021-03-08:	3a51534abc6e1a5ee6d9cc86c400a5a3	tag:hmpdacc.org,2021-03-08:	3a51534abc6e1a5ee6d9cc86c400dc03
tag:hmpdacc.org,2021-03-08:	3a51534abc6e1a5ee6d9cc86c400a5a3	tag:hmpdacc.org,2021-03-08:	3a51534abc6e1a5ee6d9cc86c400dd31
tag:hmpdacc.org,2021-03-08:	3a51534abc6e1a5ee6d9cc86c400a5a3	tag:hmpdacc.org,2021-03-08:	3a51534abc6e1a5ee6d9cc86c400f8de
tag:hmpdacc.org,2021-03-08:	3a51534abc6e1a5ee6d9cc86c400a5a3	tag:hmpdacc.org,2021-03-08:	3a51534abc6e1a5ee6d9cc86c4010465
tag:hmpdacc.org,2021-03-08:	3a51534abc6e1a5ee6d9cc86c400a5a3	tag:hmpdacc.org,2021-03-08:	3a51534abc6e1a5ee6d9cc86c4010491
tag:hmpdacc.org,2021-03-08:	3a51534abc6e1a5ee6d9cc86c400a5a3	tag:hmpdacc.org,2021-03-08:	3a51534abc6e1a5ee6d9cc86c4012a6b
tag:hmpdacc.org,2021-03-08:	3a51534abc6e1a5ee6d9cc86c400a5a3	tag:hmpdacc.org,2021-03-08:	3a51534abc6e1a5ee6d9cc86c4012e3d
tag:hmpdacc.org,2021-03-08:	3a51534abc6e1a5ee6d9cc86c4007b56	tag:hmpdacc.org,2021-03-08:	3fffbefb34d749c629dc9d147b18e893
tag:hmpdacc.org,2021-03-08:	3fffbefb34d749c629dc9d147b18e893	tag:hmpdacc.org,2021-03-08:	88af6472fb03642dd5eaf8cddcbf64a5
tag:hmpdacc.org,2021-03-08:	3a51534abc6e1a5ee6d9cc86c4007b56	tag:hmpdacc.org,2021-03-08:	faab18e1a137731cffda882560000173
