id	name	description	synonyms
1	Acetylcarnitine		['Acetyl-DL-carnitine', 'acetylcarnitine', 'DL-O-Acetylcarnitine', '3-acetyloxy-4-(trimethylazaniumyl)butanoate', 'DL-Acetylcarnitine', '(+/-)-acetylcarnitine', '3-(acetyloxy)-4-(trimethylazaniumyl)butanoate', '14992-62-2', 'Ammonium, (3-carboxy-2-hydroxypropyl)trimethyl-, hydroxide, inner salt, acetate, DL-', '1-Propanaminium, 2-(acetyloxy)-3-carboxy-N,N,N-trimethyl-, inner salt', '870-77-9', '1-Propanaminium, 2-(acetoxy)-3-carboxy-N,N,N-trimethyl-, hydroxide, inner salt, (+-)- (9CI)', 'bmse000142', 'SCHEMBL69781', 'DTXSID2048117', 'CHEBI:73024', 'LMFA07070060', 'HY-126358', '3-(acetyloxy)-4-(trimethylammonio)butanoate', 'CS-0102945', 'FT-0778235', 'Q27140241']
2	1-Propanaminium, 2-(acetyloxy)-3-carboxy-N,N,N-trimethyl-, inner salt		['1-Propanaminium, 2-(acetyloxy)-3-carboxy-N,N,N-trimethyl-, inner salt', 'ACMC-20ls4e', 'SCHEMBL3259109', 'CHEMBL1625375', 'ALBB-032444', 'AKOS024284761', 'MCULE-4252227019', 'ST079275', '3-Acetoxy-4-(trimethylaminio)butanoic acid', '5080-50-2', '(2-acetyloxy-3-carboxypropyl)-trimethylazanium', '(3R)-3-acetyloxy-4-(trimethylamino)butanoic acid', '992A622', '1-Propanaminium, 2-(acetyloxy)-3-carboxy-N,N,N-trimethyl-, (2R)-', 'R-(-)-2-ACETOXY-3-CARBOXY-N,N,N-TRIMETHYL-1-PROPANAMINIUM HYDROCHLORIDE', '89946-58-7']
3	2,3-Dihydroxy-2,3-dihydrobenzoic acid		['2,3-dihydroxy-2,3-dihydrobenzoic acid', '5,6-dihydroxycyclohexa-1,3-diene-1-carboxylic acid', '100459-00-5', '2,3-dihydro-2,3-dihydroxybenzoic acid', 'ACMC-20c83v', 'SCHEMBL638361', 'CHEBI:15941', 'DTXSID30274252', '2,4-Cyclohexadiene-1-carboxylicacid, 1,6-dihydroxy-, (1R,6S)-rel-', 'Q27098309']
4	1-Aminopropan-2-ol		['1-Aminopropan-2-ol', '1-AMINO-2-PROPANOL', '78-96-6', 'Isopropanolamine', 'Amino-2-propanol', 'Monoisopropanolamine', 'Threamine', '2-Propanol, 1-amino-', '2-Hydroxypropylamine', 'Mipa', '1-Methyl-2-aminoethanol', '2-Hydroxypropanamine', '2-Amino-1-methylethanol', 'DL-1-Amino-2-propanol', '1-Amino-2-hydroxypropane', '2-Hydroxy-1-propylamine', 'Mono-iso-propanolamine', '(+/-)-1-Amino-2-propanol', 'alpha-Aminoisopropyl alcohol', '1-amino-propan-2-ol', '(+/-)-Isopropanolamine', '.alpha.-Aminoisopropyl alcohol', 'CCRIS 2284', 'HSDB 5224', 'AI3-14653', 'NSC 3188', '(RS)-1-amino-2-propanol', 'MFCD00008139', 'beta-Aminoisopropanol', '(RS)-1-Amino-2-hydroxypropane', 'D-1-amino-2-propanol', 'D-1-aminopropan-2-ol', '2-Hydroxy-1-propanamine', 'CHEBI:19030', 'DL-Isopropanolamine', '2-Propanol, 1-amino- (8CI,9CI)', '2-Propanol, 1-amino-, (.+/-.)-', '1674-56-2', 'UNII-UE40BY1BZW', 'EINECS 201-162-7', 'BRN 0605275', '2-Propanol, 1-amino-, (R)-', '2-Propanol, 1-amino-, (S)-', 'UE40BY1BZW', 'DL-1-Amino-2-propanol, 94%, contains approx. 5% 2-Amino-1-propanol', 'Aminopropan-2-ol', '1-amino-2 propanol', '3-amino-2-propanol', '3-aminopropan-2-ol', '2-hydroxy-propylamine', '2-hydroxypropyl-amine', '1-Aminoisopropylalcohol', '1-Aminopropanol-(2)', '1-amino-propane-2-ol', '1-Amin-iso-proylalcohol', 'rac-1-amino-2-propanol', '2-hydroxy-1-aminopropane', 'DSSTox_CID_1764', 'ACMC-209h0d', 'ACMC-209h0e', 'Amino-2-propanol, 93%', 'bmse000305', 'EC 201-162-7', '(rac)-1-amino-2-propanol', 'racemic 1-amino-2-propanol', '1-amino-2(R,S)-propanol', 'ACMC-1BL70', 'DSSTox_RID_76313', 'WLN: Z1YQ1', 'DSSTox_GSID_21764', '(2rs)-1-amino-2-propanol', '1-amino-2-Hydroxypropanamine', '(+-)-1-amino-2-propanol', '4-04-00-01665 (Beilstein Handbook Reference)', '(2RS) 1-amino-2-propanol', '2-hydroxy-2-methyl-ethylamine', 'CHEMBL326602', 'DTXSID9021764', 'NSC3188', '(.+/-.)-1-Amino-2-propanol', 'ACT02864', 'BCP08083', 'NSC-3188', 'Tox21_301704', 'BBL027685', 'DL-1-Amino-2-propanol, >=90%', 'STL308732', 'AKOS000120495', 'AKOS016042334', 'CS-W016685', 'MCULE-6406041538', 'VC30042', 'CAS-78-96-6', 'NCGC00257540-01', 'SY002691', 'DB-013106', 'A0406', 'A5358', 'AM20100779', 'FT-0605031', 'FT-0605237', 'FT-0625381', 'C05771', '(+/-)-1-Amino-2-propanol, analytical standard', '45041-EP2275404A1', '45041-EP2295411A1', '45041-EP2305647A1', '45041-EP2311818A1', '45041-EP2377847A1', 'Q161580', 'J-660020', 'F2190-0369', 'Z966690934', '4-METHYL-2-(4-NITROPHENYL)OXAZOLE-5-CARBOXYLICACID', '(?)-1-Amino-2-propanol, 94%, remainder 2-amino-1-propanol', '(^+)-1-Amino-2-propanol, 94%, remainder 2-amino-1-propanol']
5	3-Amino-2-oxopropyl phosphate		['3-Amino-2-oxopropyl phosphate', '3-amino-2-oxopropyl dihydrogen phosphate', '1-Amino-3-(phosphohydroxy)propan-2-one', '205189-34-0', 'C11638', '2-Propanone, 1-amino-3-(phosphonooxy)- (9CI)', 'CHEBI:1449', 'SCHEMBL1065797', 'DTXSID90274253', '2-propanone, 1-amino-3-(phosphonooxy)-', '(3-amino-2-oxopropyl) dihydrogen phosphate', 'Q27105460']
6	1-Chloro-2,4-dinitrobenzene		['1-chloro-2,4-dinitrobenzene', '2,4-Dinitrochlorobenzene', '97-00-7', 'Dinitrochlorobenzene', 'DNCB', 'Chlorodinitrobenzene', 'CDNB', 'Benzene, 1-chloro-2,4-dinitro-', '4-Chloro-1,3-dinitrobenzene', '2,4-Dinitrophenyl chloride', 'Dinitrochlorobenzol', '1,3-Dinitro-4-chlorobenzene', '2,4-Dinitro-1-chlorobenzene', '6-Chloro-1,3-dinitrobenzene', '1-Chloro-2,4-dinitrobenzol', 'ClDNB', 'DNPCl', '1-Chlor-2,4-dinitrobenzene', '1-Cloro-2,4-dinitrobenzene', '1-Chloor-2,4-dinitrobenzeen', '1-chloro-2,4-dinitro-benzene', 'UNII-GE3IBT7BMN', 'CHEBI:34718', 'NSC 6292', 'GE3IBT7BMN', 'NSC-6292', '2,4-dinitro chlorobenzene', 'NSC6292', 'MFCD00007075', 'DSSTox_CID_278', 'DSSTox_RID_75481', 'DSSTox_GSID_20278', '1-Chlor-2,4-dinitrobenzol', 'Caswell No. 389C', '1-Chloro-2,4-dinitrobenzene, 99%', 'Dinitrochlorobenzene (VAN)', 'CAS-97-00-7', 'SMR000857169', 'CCRIS 1799', 'HSDB 5306', 'EINECS 202-551-4', 'chloro-2,4-dinitrobenzene', '1-Chloor-2,4-dinitrobenzeen [Dutch]', '1-Chloro-2,4-dinitrobenzeen [Dutch]', '1-Chloro-2,4-dinitrobenzol [German]', 'EPA Pesticide Chemical Code 055102', '1-Cloro-2,4-dinitrobenzene [Italian]', '1-Chloro-2,4-dinitrobenzeen', 'AI3-01053', '2,4-dinitrochlorbenzene', 'WLN: WNR BG ENW', '2,4-dinitro-chlorobenzene', 'Epitope ID:110163', 'EC 202-551-4', '2,4-dinitro-chloro-benzene', '2,4dinitro-1-chlorobenzene', 'SCHEMBL39251', '2-chloro-1,5-dinitrobenzene', 'MLS001332459', 'MLS001332460', 'ARONIS27043', 'BIDD:ER0694', 'ACMC-209s83', '1-chloro-2,4-dinitro benzene', 'CHEMBL292687', 'DTXSID6020278', 'HMS2233O04', 'BCP27853', 'STR01511', 'ZINC1540301', 'Tox21_201956', 'Tox21_302802', 'ANW-40849', 'BBL009322', 'BDBM50458521', 'SBB060419', 'STK387094', '1-Chloro-2,4-dinitrobenzene, 97%', 'AKOS000118946', '1 - Chloro - 2,4 - dinitrobenzene', '1-Chloro-2,4-dinitrobenzene, ~95%', 'DB11831', 'MCULE-9671248933', '1-Chloro-2,4-dinitrobenzene, >=99%', 'NCGC00164061-01', 'NCGC00164061-02', 'NCGC00164061-03', 'NCGC00256396-01', 'NCGC00259505-01', 'DB-057658', 'AM20050502', 'ST50826821', 'AZ0001-0018', 'C14397', 'Q209216', '1-Chloro-2,4-dinitrobenzene, technical grade, 95%', 'W-100123', '1-Chloro-2,4-dinitrobenzene 100 microg/mL in Methanol', '3-(3-hydroxy-2-methyl-4-oxo-1-pyridyl)propanoic acid', 'F1908-0126']
7	9-Ethyladenine		['9-Ethyladenine', '9-ethyl-9h-purin-6-amine', '2715-68-6', '9H-Purin-6-amine,9-ethyl', '9-Ethyl-9H-purin-6-ylamine', '9-ethylpurin-6-amine', 'N9-Ethyladenine', '9H-Purin-6-amine, 9-ethyl-', '9-ethyl adenine', '9H-Purin-6-amine,9-ethyl-', 'CHEMBL304009', 'Adenine, 9-ethyl-', '9-Ethyl-9H-adenine', 'N9 -ethyladenine', '2EC', 'NSC 14580', '6-Amino-9-ethylpurine', 'ACMC-1CJP6', '(9-ethylpurin-6-yl)amine', 'Adenine, 9-ethyl- (8CI)', 'SCHEMBL1924594', 'DTXSID50181616', 'ZINC402896', 'NSC14580', 'BDBM50009681', 'MFCD00037989', 'NSC-14580', 'AKOS012922847', 'FD13051', '9H-Purin-6-amine, 9-ethyl- (9CI)', 'AS-48885', 'HY-119413', 'CS-0068117', 'A877012', 'Q27452930']
8	2,3-Dihydroxy-3-methylpentanoic acid		['2,3-Dihydroxy-3-methylpentanoic acid', '2,3-dihydroxy-3-methylpentanoate', '562-43-6', '4,5-dideoxy-3-c-methylpentonic acid', '2,3-dihydroxy-3-methylvalerate', 'pentonic acid, 4,5-dideoxy-3-C-methyl-', 'valeric acid, 2,3-dihydroxy-3-methyl-', '2,3-dihydroxy-3-methyl-pentanoic acid', '2,3-Dihydroxy-3-Methyl-Valeric acid', 'alpha,beta-dihydroxy-beta-methylvaleric acid', 'SCHEMBL42928', 'CHEBI:882', 'DTXSID00971589', '2,3-dihydroxy-3-methylvaleric acid', 'LMFA01050469', 'AKOS006376279', 'C04104', 'Q2823199']
9	(2,3,4,5,6-Pentahydroxycyclohexyl) dihydrogen phosphate		['DL-Myoinositol-1-phosphate  2 CHA', '573-35-3', 'SCHEMBL113868', 'CHEMBL281435', '(2,3,4,5,6-pentahydroxycyclohexyl) dihydrogen phosphate', '2831-74-5', 'DL-Myoinositol-1-phosphate . 2 CHA', 'D-MYO-INOSITOL-1-MONOPHOSPHATE DIPOTASSIUM SALT', 'Phosphoric acid 2,3,4,5,6-pentahydroxycyclohexyl ester']
11	1,2-Dichloroethane		['1,2-dichloroethane', 'Ethylene dichloride', '107-06-2', 'Ethylene chloride', 'Ethane, 1,2-dichloro-', 'Dutch liquid', 'Dutch oil', 'Ethane dichloride', 'Glycol dichloride', 'Aethylenchlorid', 'Dichloro-1,2-ethane', 'Dichloremulsion', '1,2-Dichlorethane', 'Brocide', '1,2-Ethylene dichloride', 'Bichlorure D'ethylene', 'Borer sol', 'Di-chlor-mulsion', '1,2-DCE', 'Freon 150', 'sym-Dichloroethane', 'alpha,beta-Dichloroethane', 'EDC (halocarbon)', 'Destruxol borer-sol', '1,2-Bichloroethane', '2-Dichloroethane', 'Ethyleendichloride', 'Cloruro di ethene', 'Rcra waste number U077', '1,2-Dicloroetano', 'Chlorure D'ethylene', '1,2-Dichloorethaan', 'DCE', '1,2-Dichlor-aethan', '1, 2-dichloroethane', 'EDC', 'Aethylendichlorid', 's-Dichloroethane', 'HCC 150', 'ethylenedichloride', 'NCI-C00511', 'ENT 1,656', 'MFCD00000963', '1,2-Dichloraethan', '1.2-dichloroethane', 'ClCH2CH2Cl', 'UNII-55163IJI47', '1,2-Dichloro-Ethane', '.alpha.,.beta.-Dichloroethane', 'CHEBI:27789', '1,2-Dichlorethan', 'Ethane, 1,2-dichloro-, homopolymer', '55163IJI47', 'Dichlor-Mulsion', 'Caswell No. 440', 'Aethylenchlorid [German]', '1,2-Dichloroethane, 99+%, pure', 'RY Dichloro-1,2-ethane', 'Ethyleendichloride [Dutch]', '1,2-Ethylidene dichloride', '1,2-Dichloroethane, analytical standard', 'Cloruro di ethene [Italian]', '29561-65-7', 'HSDB 65', '1,2-Dichloorethaan [Dutch]', '1,2-Dicloroetano [Italian]', 'CCRIS 225', 'Chlorure d'ethylene [French]', '1,2-Dichloroethane, 99+%, ACS reagent', '1,2 dichloroethane', '1,2-Dichlor-aethan [German]', 'Bichlorure d'ethylene [French]', 'Dichlorure d'ethylene', 'Dichloro-1,2-ethane [French]', 'Ethylene dichloride [BSI:ISO]', '1,2-Dichloroethane, 99+%, for spectroscopy', '1,2-Dichloroethane 100 microg/mL in Methanol', '1,2-Dichloroethane, 99+%, for spectroscopy ACS', 'Dichlorure d'ethylene [ISO-French]', 'EINECS 203-458-1', 'UN1184', '1,2-Dichloroethane, 99.8%, Extra Dry, AcroSeal(R)', 'RCRA waste no. U077', 'EPA Pesticide Chemical Code 042003', 'ethylenechloride', 'ethylendichloride', 'AI3-01656', 'alpha,Bet', 'dichloro ethylene', 'ethylene-chloride', '1,2-Dichloroethane, 99.5%, Extra Dry over Molecular Sieve, AcroSeal(R)', 'ethylene dichoride', '1,2-DICHLOROETHANE, ACS', '1,2dichlorethane', '1,2dichloroethane', 'ehtylene dichloride', 'Ethane, dichloro-', '1,2 dichlorethane', '1,2 dichoroethane', '1,2-dichloroetane', '1,2-dichloroethan', '1,2-dichoroethane', '1,2-dicloroethane', '1,2-dichioroethane', '1,2-dichloroetharie', '1 ,2-dichloroethane', '1, 2 dichloroethane', '1,2 -dichloroethane', '1,2 dichloro ethane', '1,2,-dichloroethane', '1,2- dichloroethane', '1,2-di-chloroethane', '1,2-dichloro ethane', '1.2-di-chloroethane', 'CH2ClCH2Cl', '1,2-ethylenedichloride', 'ClCH2-CH2Cl', 'dichloro-1, 2-ethane', 'C1CH2CH2Cl', 'ClCH2CH2C1', 'EDC, JMAF', 'Cl(CH2)2Cl', 'DSSTox_CID_438', '12-DICHLOROETHANE', 'ACMC-1BV6R', 'bmse000568', 'EC 203-458-1', 'DSSTox_RID_75587', 'DSSTox_GSID_20438', 'CHEMBL16370', '1,2-Dichloroethane ACS grade', '1,2-Dichloroethane, for HPLC', 'Ethylene dichloride, BSI, ISO', 'DTXSID6020438', 'Dichloroethane Reagent Grade ACS', '1,2-Dichloroethane, ACS reagent', '1,2-Dichloroethane, HPLC Grade', 'AMY33455', 'ZINC8220695', 'Tox21_202466', '1,2-Dichloroethane, LR, >=99%', 'ANW-15475', 'SBB040805', 'STL264187', 'AKOS000120021', 'DB03733', 'MCULE-3493741440', 'UN 1184', '1,2-Dichloroethane, AR, >=99.5%', '1,2-Dichloroethane, anhydrous, 99.8%', 'NCGC00091763-01', 'NCGC00091763-02', 'NCGC00091763-03', 'NCGC00260015-01', 'CAS-107-06-2', '1,2-Dichloroethane, for HPLC, 99.8%', '1,2-Dichloroethane, 99.8+%, extra pure', '1,2-Dichloroethane, ACS reagent, >=99%', '1,2-Dichloroethane, ReagentPlus(R), 99%', '1,2-Dichloroethane, for HPLC, >=99.8%', '1,2-Dichloroethane, Spectrophotometric Grade', 'D0310', 'D0364', 'E0289', 'FT-0626325', 'FT-0771283', 'R 150', 'ST50214371', '1,2-Dichloroethane 10 microg/mL in Methanol', '1,2-Dichloroethane, ACS reagent, >=99.0%', '7816-EP2269977A2', '7816-EP2269978A2', '7816-EP2269985A2', '7816-EP2269986A1', '7816-EP2269988A2', '7816-EP2269989A1', '7816-EP2269991A2', '7816-EP2269993A1', '7816-EP2269995A1', '7816-EP2270006A1', '7816-EP2270895A2', '7816-EP2272509A1', '7816-EP2272516A2', '7816-EP2272517A1', '7816-EP2272825A2', '7816-EP2272832A1', '7816-EP2272835A1', '7816-EP2275105A1', '7816-EP2275404A1', '7816-EP2275414A1', '7816-EP2275420A1', '7816-EP2275469A1', '7816-EP2277848A1', '7816-EP2277858A1', '7816-EP2277867A2', '7816-EP2277878A1', '7816-EP2278637A1', '7816-EP2280000A1', '7816-EP2280003A2', '7816-EP2280005A1', '7816-EP2280006A1', '7816-EP2280007A1', '7816-EP2280008A2', '7816-EP2280009A1', '7816-EP2281813A1', '7816-EP2284150A2', '7816-EP2284151A2', '7816-EP2284152A2', '7816-EP2284153A2', '7816-EP2284155A2', '7816-EP2284156A2', '7816-EP2284157A1', '7816-EP2284164A2', '7816-EP2284172A1', '7816-EP2284174A1', '7816-EP2286811A1', '7816-EP2287140A2', '7816-EP2287148A2', '7816-EP2287150A2', '7816-EP2287165A2', '7816-EP2287166A2', '7816-EP2287940A1', '7816-EP2289884A1', '7816-EP2289891A2', '7816-EP2289892A1', '7816-EP2289894A2', '7816-EP2289965A1', '7816-EP2292592A1', '7816-EP2292619A1', '7816-EP2292620A2', '7816-EP2292621A1', '7816-EP2295406A1', '7816-EP2295410A1', '7816-EP2295414A1', '7816-EP2295415A1', '7816-EP2295417A1', '7816-EP2295419A2', '7816-EP2295426A1', '7816-EP2295427A1', '7816-EP2295432A1', '7816-EP2295441A2', '7816-EP2298729A1', '7816-EP2298731A1', '7816-EP2298738A1', '7816-EP2298743A1', '7816-EP2298744A2', '7816-EP2298747A1', '7816-EP2298750A1', '7816-EP2298756A1', '7816-EP2298764A1', '7816-EP2298765A1', '7816-EP2298766A1', '7816-EP2298767A1', '7816-EP2298768A1', '7816-EP2298770A1', '7816-EP2298772A1', '7816-EP2298777A2', '7816-EP2298778A1', '7816-EP2298828A1', '7816-EP2299785A1', '7816-EP2301922A1', '7816-EP2301934A1', '7816-EP2301983A1', '7816-EP2305633A1', '7816-EP2305637A2', '7816-EP2305641A1', '7816-EP2305647A1', '7816-EP2305648A1', '7816-EP2305651A1', '7816-EP2305660A1', '7816-EP2305676A1', '7816-EP2305682A1', '7816-EP2305687A1', '7816-EP2305695A2', '7816-EP2305696A2', '7816-EP2305697A2', '7816-EP2305698A2', '7816-EP2306788A1', '7816-EP2306789A1', '7816-EP2308562A2', '7816-EP2308812A2', '7816-EP2308828A2', '7816-EP2308838A1', '7816-EP2308839A1', '7816-EP2308848A1', '7816-EP2308849A1', '7816-EP2308850A1', '7816-EP2308854A1', '7816-EP2308857A1', '7816-EP2308861A1', '7816-EP2308865A1', '7816-EP2308867A2', '7816-EP2308869A1', '7816-EP2308870A2', '7816-EP2308872A1', '7816-EP2308873A1', '7816-EP2308879A1', '7816-EP2308880A1', '7816-EP2308926A1', '7816-EP2309564A1', '7816-EP2311808A1', '7816-EP2311811A1', '7816-EP2311814A1', '7816-EP2311824A1', '7816-EP2311829A1', '7816-EP2314295A1', '7816-EP2314578A1', '7816-EP2314581A1', '7816-EP2314585A1', '7816-EP2314587A1', '7816-EP2314593A1', '7816-EP2316829A1', '7816-EP2316905A1', '7816-EP2316906A2', '7816-EP2371811A2', '7816-EP2374454A1', '7816-EP2380568A1', 'C06752', '1,2-Dichloroethane 1000 microg/mL in Methanol', '10084-EP2270004A1', '10084-EP2270005A1', '10084-EP2270009A1', '10084-EP2272509A1', '10084-EP2272517A1', '10084-EP2272537A2', '10084-EP2272825A2', '10084-EP2272838A1', '10084-EP2272839A1', '10084-EP2272840A1', '10084-EP2275105A1', '10084-EP2277865A1', '10084-EP2281563A1', '10084-EP2281818A1', '10084-EP2284172A1', '10084-EP2284174A1', '10084-EP2287153A1', '10084-EP2289890A1', '10084-EP2289894A2', '10084-EP2292628A2', '10084-EP2295402A2', '10084-EP2295410A1', '10084-EP2295412A1', '10084-EP2295413A1', '10084-EP2295432A1', '10084-EP2295439A1', '10084-EP2298312A1', '10084-EP2298743A1', '10084-EP2298744A2', '10084-EP2298752A1', '10084-EP2298770A1', '10084-EP2298776A1', '10084-EP2301536A1', '10084-EP2301538A1', '10084-EP2302382A2', '10084-EP2302383A2', '10084-EP2305250A1', '10084-EP2305643A1', '10084-EP2305647A1', '10084-EP2305648A1', '10084-EP2305660A1', '10084-EP2305682A1', '10084-EP2305808A1', '10084-EP2308844A2', '10084-EP2308845A2', '10084-EP2308846A2', '10084-EP2308851A1', '10084-EP2308861A1', '10084-EP2308879A1', '10084-EP2308880A1', '10084-EP2308960A1', '10084-EP2311455A1', '10084-EP2311808A1', '10084-EP2311825A1', '10084-EP2311829A1', '10084-EP2311840A1', '10084-EP2316470A2', '10084-EP2316831A1', '10084-EP2316835A1', '10084-EP2371811A2', '10084-EP2374791A1', '10084-EP2377849A2', '10662-EP2281821A1', '10662-EP2301544A1', '10662-EP2316452A1', '30216-EP2284169A1', '30216-EP2287161A1', '30216-EP2287162A1', '30216-EP2295424A1', '30216-EP2295429A1', '30216-EP2308874A1', '30216-EP2311464A1', '38093-EP2269978A2', '38093-EP2269985A2', '38093-EP2269991A2', '38093-EP2284150A2', '38093-EP2284151A2', '38093-EP2284152A2', '38093-EP2284153A2', '38093-EP2284155A2', '38093-EP2284156A2', '38093-EP2284164A2', '38093-EP2287140A2', '38093-EP2287148A2', '38093-EP2287150A2', '38093-EP2289871A1', '38093-EP2295419A2', '38093-EP2298776A1', '38093-EP2305637A2', '38093-EP2311796A1', '38093-EP2311797A1', '38093-EP2311798A1', '38093-EP2311799A1', '44969-EP2269977A2', '44969-EP2277848A1', '44969-EP2280006A1', '44969-EP2280008A2', '44969-EP2280012A2', '44969-EP2289894A2', '44969-EP2295410A1', '44969-EP2295414A1', '44969-EP2295426A1', '44969-EP2295427A1', '44969-EP2295432A1', '44969-EP2298743A1', '44969-EP2298770A1', '44969-EP2299785A1', '44969-EP2301922A1', '44969-EP2301939A1', '44969-EP2305648A1', '44969-EP2305679A1', '44969-EP2305682A1', '44969-EP2305695A2', '44969-EP2305696A2', '44969-EP2305697A2', '44969-EP2305698A2', '44969-EP2306788A1', '44969-EP2306789A1', '44969-EP2308867A2', '44969-EP2308870A2', '44969-EP2308879A1', '44969-EP2311818A1', '44969-EP2311825A1', '57205-EP2275422A1', '57205-EP2277868A1', '57205-EP2277869A1', '57205-EP2277870A1', '57205-EP2281861A2', '57205-EP2295422A2', '57205-EP2295436A1', '57205-EP2298749A1', '57205-EP2298769A1', '57205-EP2308878A2', '58409-EP2272825A2', '58409-EP2277875A2', '58409-EP2305682A1', '58409-EP2308879A1', '1,2-Dichloroethane, SAJ first grade, >=99.0%', '122783-EP2280009A1', '122783-EP2295053A1', '218668-EP2377610A2', '218668-EP2377611A2', 'Q161480', '1,2-Dichloroethane, JIS special grade, >=99.5%', 'Ethylene dichloride [UN1184]  [Flammable liquid]', 'J-503815', '1,2-Dichloroethane, anhydrous, ZerO2(TM), 99.8%', '1,2-Dichloroethane, spectrophotometric grade, >=99%', 'UNII-9D6S017631 component WSLDOOZREJYCGB-UHFFFAOYSA-N', '1,2-Dichloroethane, 99.5%, for electronic use (MOS), residue free', '1,2-Dichloroethane, puriss., absolute, over molecular sieve (H2O <=0.005%), >=99.5% (GC)', '52399-93-6']
12	1,2,3,5-Tetrahydroxybenzene		['1,2,3,5-Benzenetetrol', '1,2,3,5-tetrahydroxybenzene', '634-94-6', 'benzene-1,2,3,5-tetrol', '5-hydroxypyrogallol', 'N-Benzylglycineethylester', 'C03743', 'SCHEMBL67497', 'CHEBI:16746', 'DTXSID90212812', 'AKOS006312269', 'A8823', 'Q3302015']
13	1,2,4-Trichlorobenzene		['1,2,4-trichlorobenzene', '120-82-1', 'Benzene, 1,2,4-trichloro-', 'unsym-Trichlorobenzene', 'Hostetex L-pec', 'Trojchlorobenzen', '1,2,4-Trichlorbenzol', '1,2,4-Trichlorobenzol', '1,3,4-Trichlorobenzene', '1,2,5-Trichlorobenzene', 'as-trichlorobenzene', '1,2,4-trichloro-benzene', 'Trichlorobenzene A', 'NSC 406697', 'UNII-05IQ959M1N', '1,2,4-TCB', 'MFCD00000547', 'CHEBI:28222', '05IQ959M1N', 'DSSTox_CID_1965', 'DSSTox_RID_76431', 'DSSTox_GSID_21965', 'Trojchlorobenzen [Polish]', '1,2,4-Trichlorobenzene, 99%, pure', 'CAS-120-82-1', 'CCRIS 5945', 'HSDB 1105', 'EINECS 204-428-0', 'BRN 0956819', '1, 2, 4-Trichlorobenzene', 'Trichlorobenzol', 'AI3-07775', 'Hipochem GM', '1,4-Trichlorobenzol', '1,4-Trichlorobenzene', '63697-18-7', '1,2,4-triclorobenzene', 'Benzene,2,4-trichloro-', 'ACMC-1B7LJ', 'WLN: GR BG DG', 'bmse000841', 'UN 2321 (Related)', 'Benzene, 1,2,4-trichloro-, radical ion(1-)', 'EC 204-428-0', '2,4-dichlorophenyl chloride', 'SCHEMBL22730', 'ghl.PD_Mitscher_leg0.137', 'MLS001050173', 'BIDD:ER0328', 'CHEMBL296348', 'DTXSID0021965', '124-TCB', 'ZINC388208', 'AMY40773', 'Tox21_201311', 'Tox21_300563', 'ANW-17536', 'NSC406697', 'SBB060225', 'STL481897', 'AKOS000120900', 'MCULE-2714956388', 'NSC-406697', 'NCGC00090833-01', 'NCGC00090833-02', 'NCGC00090833-03', 'NCGC00090833-04', 'NCGC00254336-01', 'NCGC00258863-01', 'S697', 'SMR001216523', '1,2,4-Trichlorobenzene, anhydrous, >=99%', 'FT-0606243', 'FT-0606251', 'ST50406605', 'T0376', '1,2,4-Trichlorobenzene, for HPLC, >=99%', '1,2,4-Trichlorobenzene, for synthesis, 99%', 'C06594', '1,2,4-Trichlorobenzene 100 microg/mL in Hexane', '1,2,4-Trichlorobenzene, ReagentPlus(R), >=99%', '1,2,4-Trichlorobenzene, Spectrophotometric Grade', 'Benzene,1,2,4-trichloro-,radical ion(1-)(9ci)', 'J-503791', 'Q1876830', '1,2,4-Trichlorobenzene 10 microg/mL in Cyclohexane', '1,2,4-Trichlorobenzene 5000 microg/mL in Methanol', '1,2,4-Trichlorobenzene, UV HPLC spectroscopic, 99.5%', 'F0001-0333', 'Z1262395981', '1,2,4-Trichlorobenzene, PESTANAL(R), analytical standard', 'UNII-5K7N3LID79 component PBKONEOXTCPAFI-UHFFFAOYSA-N', '1,2,4-Trichlorobenzene, certified reference material, TraceCERT(R)']
14	7-[3-Hydroxy-5-oxo-2-(3-oxooct-1-enyl)cyclopentyl]heptanoic acid		['FT-0670654']
15	17-Hydroxyandrostan-3-one		['17-Hydroxyandrostan-3-one', '5.beta.-Dihydrotestosterone', 'Etiocholan-17.beta.-ol-3-one', '17.beta.-Hydroxyetiocholan-3-one', 'Anaprotin', '5.beta.-Androstan-17.beta.-ol-3-one', '5.beta.,17.beta.-Hydroxyandrostan-3-one', '5.beta.-Androstan-3-one, 17.beta.-hydroxy-', '5B-DIHYDROTESTOSTERONE', 'Oprea1_456186', 'SCHEMBL9340073', 'BCP22808', 'NSC15460', 'NSC61692', 'BBL028114', 'NSC-15460', 'NSC-61692', 'STK366316', 'AKOS002232213', 'AKOS016303784', 'MCULE-4205911962', 'NCGC00249620-01', '17-hydroxy-10,13-dimethyl-1,2,4,5,6,7,8,9,11,12,14,15,16,17-tetradecahydrocyclopenta[a]phenanthren-3-one', 'VS-08671', 'FT-0662160', 'AB00987792-01', '1-hydroxy-9a,11a-dimethyl-hexadecahydro-1H-cyclopenta[a]phenanthren-7-one', 'Andractim pound>> LG 152 pound>>LG-152 pound>> LG152 pound>> Stanolone pound>> Dihydrotestosterone pound>> Dihydrotestosterone propionate']
16	1,8-Diazacyclotetradecane-2,9-dione		['1,8-diazacyclotetradecane-2,9-dione', '56403-09-9', 'UNII-LIJ968E05S', '6-Aminohexanoate Cyclic Dimer', 'Nylon-6 cyclic oligomer', 'LIJ968E05S', 'nylon cyclic dimer', 'nylon 6 cyclic dimer', 'ACD', '7,14-Diazacyclotetradecane-1,8-dione', 'polyamide 6 cyclic dimer', 'Cyclic Dimer of Caprolactam', 'CAS_16', 'NSC_16', '6-Aminohexanoate cyclic oligomer', 'BDBM81871', 'CHEBI:16968', '6-aminohexanoic acid cyclic dimer', 'DTXSID90204974', 'CHEBI:133923', 'ZINC3869184', '6-aminohexanoic acid cyclic oligomer', '6-Aminohexanoic Acid Cyclized Dimer', 'AKOS016027661', 'MCULE-9751173876', 'C04277', 'C20990', 'Q27102157', '6-Aminohexanoate Cyclic Dimer; 1,8-Diaza-2,9-diketocyclotetradecane; (1,8-diazacyclotetradecane-2,9-dione)']
17	2,3-Dihydropyridine-2,6-dicarboxylic acid		['2,3-dihydropyridine-2,6-dicarboxylic acid', 'dihydrodipicolinate', '16052-12-3', '2,3-dihydrodipicolinic acid', '2,3-di-H-dipicolinate', 'SCHEMBL346874', 'CHEBI:48052', 'DTXSID50274254', '2,6-Pyridinedicarboxylic acid, 2,3-dihydro-', 'Q27120920']
18	2,3-Dioxo-L-gulonic		['2,3-dioxo-L-gulonic', '2,3-dioxo-L-gulonate(1-)', 'SCHEMBL13859611', '2,3-dioxo-L-Gulonic acid(1-)']
19	2,3-Dihydroxybenzoic acid		['2,3-Dihydroxybenzoic acid', '303-38-8', 'Pyrocatechuic acid', 'o-Pyrocatechuic acid', '2-Pyrocatechuic acid', '3-Hydroxysalicylic acid', 'DOBK', 'DHBA', 'Catecholcarboxylic acid', 'Benzoic acid, 2,3-dihydroxy-', 'dihydroxybenzoic acid', 'Resorcylic acid', '2,3-Dihydroxybenzoicacid', '2,3 DHB', '2,3-DIHYDROXY-BENZOIC ACID', 'MFCD00002446', 'Catechol-3-carboxylic acid', '2,3-dihydroxy benzoic acid', 'NSC 27435', 'UNII-70D5FBB392', '27138-57-4', 'CHEBI:18026', '2,3-Dihydroxybenzoic acid, 99%', '70D5FBB392', 'Benzoic acid, dihydroxy-', 'EINECS 206-139-5', 'BRN 2209117', 'Pyrocatechuate', 'o-Pyrocatechuate', '2,3-DIHDROXYBENZOIC ACID', 'Catecholcarboxylate', 'o-Pyrocatechuic acid (6CI,8CI)', 'PubChem3119', '1l6m', '3tf6', '3u0d', 'ACMC-1CMFI', 'Spectrum2_001086', 'Spectrum3_001819', 'Benzoic acid,3-dihydroxy-', '2,3 Dihydroxy-benzoic acid', '2,3-Dihydroxybenzoate, IV', 'CHEMBL1432', 'SCHEMBL37458', 'BSPBio_003437', '4-10-00-01414 (Beilstein Handbook Reference)', 'MLS001066375', 'SPBio_001132', 'Pyrocatechol-3-carboxylic Acid', 'BDBM92456', 'KBio3_002940', 'DTXSID70858712', 'HMS2231J14', 'HMS3369A12', 'KUC106698N', 'ZINC388166', 'ACN-S002780', 'ACT00443', 'AMY17988', 'HY-Y0202', 'NSC27435', 'ANW-26840', 'CCG-40337', 'NSC-27435', 'SBB008367', 'AKOS009156763', 'AC-2985', 'CS-W019844', 'DB01672', 'LS10681', 'MCULE-5691151631', 'PS-3013', 'SDCCGMLS-0066859.P001', 'NCGC00178064-01', 'BP-12659', 'KSC-11-207-9', 'SMR000471836', 'SY003494', 'AB0008295', 'DB-027090', 'FT-0609669', 'S4946', 'ST45028975', 'C00196', '303D388', 'A820329', 'SR-01000761414', 'Q-200170', 'Q2823200', 'SR-01000761414-2', 'Z1741977971', '2,3-Dihydroxybenzoic acid;Catecholcarboxylic acid;NSC 27435', 'FF124556-A828-490B-B324-9AE859B695FA']
20	3-(2,3-Dihydroxyphenyl)propanoic acid		['3714-73-6', '3-(2,3-dihydroxyphenyl)propanoic acid', '2,3-Dihydroxyphenylpropionic acid', '2,3-Dhppa', 'Benzenepropanoic acid, 2,3-dihydroxy-', '2,3-Dihydroxy-benzenepropanoic acid', 'UNII-PUH669YNEK', 'PUH669YNEK', '2,3-Dihydroxyphenylpropanoate', '2,3-DHP', '2,3-dihyrroxybenzenepropanoic acid', '3-(2,3-dihydroxyphenyl)propionic acid', '2,3-dihydroxy-beta-phenylpropionic acid', 'Benzenepropanoic acid,2,3-dihydroxy-', '3-Hydroxymelilotsaure', 'SCHEMBL244943', 'CHEBI:18136', 'DTXSID70958342', 'ZINC901909', 'AKOS024162368', 'FT-0667093', 'C04044', 'Q27102847']
21	2-Aceto-2-hydroxybutanoate		['Acetohydroxybutyrate', '2-Aceto-2-hydroxybutanoate', 'AAAHB', '2-Aceto-2-hydroxybutyrate', 'alpha-aceto-alpha-hydroxybutyrate', 'Butanoic acid, 2-ethyl-2-hydroxy-3-oxo-', '3142-65-2', '2-ethyl-2-hydroxy-3-oxobutanoic acid', '2-ethyl-2-hydroxy-3-oxo-butanoic acid', 'Acetohydroxybutyric acid', 'SCHEMBL42929', 'alpha-Acetohydroxybutyric acid', 'CHEBI:982', '2-Aceto-2-hydroxybutyric acid', 'LMFA01050501', 'AKOS006380539', '2-hydroxy-2-ethyl-3-keto-butanoic acid', 'Butanoic acid, 2-ethyl-2-hydroxy-3-oxo', 'C00659', 'Butanoic acid, 2-ethyl-2-hydroxy-3-oxo- (9CI)', 'butanoic acid, 2-ethyl-2-hydroxy-3-oxo-, (2S)-', 'Q27105388', 'Acetoacetic acid, 2-ethyl-2-hydroxy- (6CI,7CI,8CI)']
22	2-Acetolactate		['2-Acetolactate', '2-acetyllactic acid', '2-hydroxy-2-methyl-3-oxobutanoic acid', '918-44-5', 'alpha-acetyllactic acid', 'Butanoic acid, 2-hydroxy-2-methyl-3-oxo-', 'SCHEMBL61227', 'BDBM82146', 'CHEBI:16444', 'LMFA01050472', 'AKOS006380884', 'FT-0612527', 'C00900', '2-HYDROXY-2-METHYL-3-OXO-BUTANOIC ACID', 'Q27101908']
23	2-Amino-3-(3-oxoprop-1-en-1-yl)but-2-enedioic acid		['16597-58-3', '2-amino-3-(3-oxoprop-1-en-1-yl)but-2-enedioic acid', 'SCHEMBL188166', 'DTXSID10274255', '1-amino-4-formyl-1,3-butadiene-1,2-dicarboxylic acid']
24	2-Amino-5,6,7,8-tetrahydroxy-6-(1,2,3-trihydroxypropyl)-3,4a,7,8a-tetrahydropteridin-4-one		[]
26	1-(2-Amino-7,8-dihydroxy-4-oxo-3,4a,7,8a-tetrahydropteridin-6-yl)propane-1,2-dione		[]
28	2,4-Hexadienedioicacid, 2-amino-		['2,4-Hexadienedioicacid, 2-amino-', 'SCHEMBL28815', '4548-99-6', 'DTXSID70274256', 'Q42403262']
29	3-Oxoalanine		['3-oxoalanine', '2-Formylglycine', 'alpha-formylglycine', '2-amino-3-oxopropanoic acid', 'alanon', 'a-Formylglycine', 'C-formylglycine', '3-oxo-(9CI)-Alanine', '2-amino-3-oxo-Propanoate', 'SCHEMBL25955', '2-amino-3-oxo-Propanoic acid', 'amino-(8CI)Malonaldehydic acid', 'CHEBI:17740', 'Q27102573']
30	2-Amino-6-oxohexa-2,4-dienoic acid		['2-amino-6-oxohexa-2,4-dienoic acid', '2,4-Hexadienoic acid, 2-amino-6-oxo-', 'ACMC-1CLTS', 'SCHEMBL637960', 'DTXSID80947404', '245128-91-0', '150994-59-5']
31	(2,3,4-Trihydroxy-3-methylbutyl) dihydrogen phosphate		['SCHEMBL21410636', 'FT-0671756']
32	Buta-1,3-diene-1,1,4-tricarboxylic acid		[]
33	Chloroacetaldehyde		['CHLOROACETALDEHYDE', '2-chloroacetaldehyde', '107-20-0', '2-Chloroethanal', 'Chloroethanal', 'Acetaldehyde, chloro-', 'Chloroaldehyde', 'Monochloroacetaldehyde', '2-Chloro-1-ethanal', 'Acetaldehyde, 2-chloro-', 'Chloroacetaldehyde monomer', 'RCRA waste number P023', 'Chloroacetalaldehyde', 'UNII-CF069F5D9C', 'CH2ClCHO', '2-Chloro-Acetaldehyde', 'MFCD00006992', 'CF069F5D9C', 'CHEBI:27871', 'Chloroacetaldehyde (~45per cent in water)', 'chloro-acetaldehyde', 'CCRIS 856', 'HSDB 2521', 'alpha-chloroacetaldehyde', 'EINECS 203-472-8', 'UN2232', 'RCRA waste no. P023', 'BRN 1071226', 'chloracetaldehyde', 'chloroactaldehyde', '2-chloroethanone', 'chloroacetoaldehyde', 'chloro acetaldehyde', 'ClCH2CHO', 'chloroacetaldehyde (CAA)', 'Cl[CH]C=O', 'DSSTox_CID_292', 'EC 203-472-8', 'DSSTox_RID_75492', 'DSSTox_GSID_20292', '4-01-00-03134 (Beilstein Handbook Reference)', 'CHEMBL506976', 'DTXSID4020292', 'STR01221', 'ZINC8220699', 'Tox21_301152', 'ANW-56409', 'STL264246', 'AKOS000118948', 'MCULE-7307216184', 'UN 2232', '2-Chloroethanal [UN2232]  [Poison]', 'NCGC00248308-01', 'NCGC00255050-01', 'BP-13328', 'CAS-107-20-0', 'Chloroacetaldehyde solution, 40% in water', 'C06754', 'Chloroacetaldehyde solution >45% wt. % in H2O', 'Chloroacetaldehyde solution, ~50 wt. % in H2O', 'J-509000', 'Q1950418', 'F0001-0141', 'Chloroacetaldehyde solution, produced by Wacker Chemie AG, Burghausen, Germany, >=45.0% in H2O (density determination)']
34	2-Chloroethanol		['2-chloroethanol', 'Ethylene chlorohydrin', '107-07-3', 'Ethanol, 2-chloro-', 'Glycol chlorohydrin', '2-Chloroethyl alcohol', 'Glycol monochlorohydrin', '2-Monochloroethanol', 'Ethylchlorohydrin', '2-Chlorethanol', '2-Chloro-1-ethanol', '2-Hydroxyethyl chloride', 'Glycomonochlorhydrin', 'beta-Chloroethyl alcohol', 'Ethylene chlorhydrin', 'Ethene, chlorohydrin', '2-Chloorethanol', '2-Chloraethanol', '2-Cloroetanolo', 'beta-Chloroethanol', 'Aethylenechlorhydrin', '2-Chloro-1-hydroxyethane', 'Glicol monocloridrina', 'Ethyleen-chloorhydrine', 'Glycolmonochloorhydrine', 'Ethylene glycol, chlorohydrin', 'beta-Hydroxyethyl chloride', 'NCI-C50135', 'Chloroalcohol', '2-CHLORO-ETHANOL', 'Monochlorhydrine du glycol', 'Ethanol, chloro-', '2-Chloro Ethanol', 'UNII-753N66IHAN', 'NSC 122289', '.beta.-Chloroethanol', 'MFCD00002829', '.beta.-Chloroethyl alcohol', '.beta.-Hydroxyethyl chloride', '753N66IHAN', 'CHEBI:28200', '2-Chloroethanol, 99+%', 'delta-Chloroethanol', '2-Chloorethanol [Dutch]', '2-Chlorethanol [German]', '2-Chloraethanol [German]', '2-Cloroetanolo [Italian]', 'Aethylenechlorhydrin [German]', 'CCRIS 859', 'Ethyleen-chloorhydrine [Dutch]', 'Chloroethylowy alkohol', 'Glycolmonochloorhydrine [Dutch]', 'HSDB 426', 'Chloroethylowy alkohol [Polish]', 'Glicol monocloridrina [Italian]', 'Monochlorhydrine du glycol [French]', 'EINECS 203-459-7', 'UN1135', 'BRN 0878139', 'AI3-52326', '2- Chloroethanol', '2-chloranylethanol', 'ethylenechlorohydrin', 'delta-Chloroethanolchloroethylowy alkohol [Polish]', 'ethylenechlorohydrine', '2-choroethan-1-ol', 'ethylene chlorohydrine', '2-chloroethan-1-ol', '2-Chloroethanol (ethylene chlorohydrin)', 'delta-Chloroethanolchloroethylowy alkohol', '2-chloro-ethan-1-ol', 'CH2ClCH2OH', '[O]CCCl', '2-Chloroethanol, 99%', '1-chloro-2-hydroxyethane', 'DSSTox_CID_1877', 'bmse000360', 'EC 203-459-7', 'WLN: Q2G', 'DSSTox_RID_76380', 'DSSTox_GSID_21877', '4-01-00-01372 (Beilstein Handbook Reference)', 'CHEMBL191244', 'DTXSID1021877', 'ACT07200', 'ZINC8220697', 'Tox21_300043', 'ArgoGel(TM)-Cl, 1 % cross-linked', 'BBL011477', 'NSC122289', 'STL146589', 'AKOS000119040', 'MCULE-5139580173', 'NSC-122289', 'UN 1135', 'NCGC00247890-01', 'NCGC00254022-01', 'CAS-107-07-3', '.delta.-Chloroethanolchloroethylowy alkohol', '2-Chloroethanol 1000 microg/mL in Methanol', 'Ethylene chlorohydrin [UN1135]  [Poison]', 'X4831', 'AZ0001-0066', '5788-EP2275417A2', '5788-EP2284162A2', '5788-EP2284163A2', '5788-EP2314295A1', '5788-EP2372017A1', 'C06753', '2-Chloroethanol, SAJ special grade, >=99.0%', 'A801572', 'Q209354', '2-Chloroethanol, PESTANAL(R), analytical standard', '2-Chloroethanol, puriss. p.a., >=99.0% (GC)', 'J-509022', 'F1908-0073', '59826-67-4']
35	(2-Chloro-5-oxo-2,5-dihydro-2-furyl)acetic acid		['(2-chloro-5-oxo-2,5-dihydro-2-furyl)acetic acid', '(2-chloro-5-oxo-2,5-dihydrofuran-2-yl)acetic acid', '2-chloro-2,5-dihydro-5-oxofuran-2-acetate', '5-Chloro-2,5-dihydro-2-oxofuran-5-acetate', 'CHEBI:17337', '2,5-Dihydro-5-oxo-2-chlorofuran-2-acetic acid', '2-chloro-5-oxo-2,5-dihydro-2-furylacetic acid', 'Q27102326']
36	2-Hydroxy-3-isopropylsuccinic acid		['3-isopropylmalic acid', '2-hydroxy-3-isopropylsuccinic acid', '16048-89-8', '2-hydroxy-3-propan-2-ylbutanedioic acid', '3-carboxy-2-hydroxy-4-methylpentanoic acid', 'SCHEMBL259033', 'CHEBI:35114', 'DTXSID30274257', 'AKOS014315646', 'DB04279', '3-Isopropylmalic acid, >=96.0% (GC)', '2-hydroxy-3-(propan-2-yl)butanedioic acid']
37	4,5,6-Trihydroxy-2-oxohexanoic acid		['4,5,6-trihydroxy-2-oxohexanoic acid', 'SCHEMBL13176443', '3-Deoxy-2-keto-D-gluconate lithium salt', 'FT-0696067']
38	2-Dehydropantoate		['2-dehydropantoate', 'ketopantoic acid', '4-hydroxy-3,3-dimethyl-2-oxobutanoic acid', 'ketopantoate', '2-dehydropantoic acid', '470-30-4', 'KPL', 'SCHEMBL392087', 'CHEBI:17094', 'DTXSID90274258', 'ZINC1532800', 'AKOS006377093', 'DB03795', 'C00966', 'alpha-keto-beta,beta-dimethyl-gamma-hydroxybutyric acid', 'Q27094687', '2-Dehydropantoic acid lithium salt, >=95.0% (HPLC)']
39	Dihydro-4,4-dimethyl-2,3-Furandione		['13031-04-4', '4,4-Dimethyldihydrofuran-2,3-dione', 'Dihydro-4,4-dimethyl-2,3-Furandione', 'Keto-pantoyllactone', '2-dehydropantolactone', 'ketopantolactone', '2,3-Furandione, dihydro-4,4-dimethyl-', '4,4-dimethyloxolane-2,3-dione', 'Dihydro-4,4-dimethylfuran-2,3-dione', '4,4-Dimethyldihydro-2,3-furandione', '2-dehydropantoyl lactone', '4,4-dimethyl-4,5-dihydrofuran-2,3-dione', 'MFCD00012331', 'ketopantoyl lactone', 'EINECS 235-891-7', '2-oxopantoyl lactone', 'SCHEMBL538500', '4,4-Dimethyl-2,3-furandione', 'CHEBI:18395', 'HRTOQFBQOFIFEE-UHFFFAOYSA-', 'DTXSID30156448', 'AMY24290', 'ZINC3869222', 'AKOS015905266', '2-Oxo-3,3-dimethyl-gamma-butyrolactone', '4,4-Dimethyldihydro-2,3-furandione #', '4,4-dimethyl-tetrahydro-furan-2,3-dione', 'DS-15458', 'QC-10806', 'SY251591', 'AB0098266', 'DB-041958', 'Dihydro-4,4-dimethyl-2,3-furandione, 97%', 'FT-0636778', 'C01125', 'A806062', 'J-005785', 'Q27103050', '4,5-Dihydro-4,4-dimethyl-2,3-furandione; Dihydro-4,4'-dimethyl-2,3-furandione; Ketopantolactone; Tetrahydro-4,4-dimethyl-2,3-furandione; alpha-Ketopantolactone;4,4-Dimethyldihydrofuran-2,3-dione']
40	2-Deoxyhexopyranose		['6-(hydroxymethyl)oxane-2,4,5-triol', 'MLS002638629', 'Glucose, 2-deoxy-', '2-Deoxyhexopyranose', '2-Deoxyhexose', '2-Deoxy-D-arabino-hexopyranose', 'NSC 15193', 'NSC-18943', '2-Deoxy-arabinohexose', 'alpha-2-Deoxy-D-Glucose', 'SCHEMBL148910', '2 DG', 'CHEMBL1880349', 'DTXSID50274259', 'HMS3371M03', 'HMS3865K03', 'NSC18943', 'BA-2758', 'VZ24481', 'NCGC00246766-01', 'SMR001548100', 'FT-0773603']
41	1-Penten-3-one, 2-hydroxy-5-(methylthio)-1-(phosphonooxy)-		['DTXSID60274260', '1-Penten-3-one, 2-hydroxy-5-(methylthio)-1-(phosphonooxy)-', '629647-81-0']
42	2-Hydroxy-6-oxonona-2,4-dienedioic acid		['2-hydroxy-6-oxonona-2,4-dienedioic acid', '2-hydroxy-6-oxonona-2,4-diene-1,9-dioic acid', 'Q27102340']
43	2-Hydroxyglutaric acid		['2-hydroxyglutaric acid', '2-hydroxypentanedioic acid', '2889-31-8', '2-hydroxyglutarate', 'alpha-hydroxyglutarate', 'alpha-Hydroxyglutaric acid', 'Pentanedioic acid, 2-hydroxy-', '2-oxidanylpentanedioic acid', '2-Hydroxyglutaric acid disodium salt', 'Glutaric acid, 2-hydroxy-', 'Pentanedioic acid, hydroxy-', 'DL-2-Hydroxyglutaric', 'ACMC-1AQEZ', '2,3-Dideoxypentaric acid', '2-Hydroxy-pentanedioic acid', 'SCHEMBL7509', '(+/-)-2-Hydroxyglutaric acid', 'CHEBI:17084', 'DTXSID40864360', 'LMFA01050483', 'AKOS006373038', 'Pentanedioic acid, 2-hydroxy- (9CI)', '143454-48-2', 'FT-0696794', 'FT-0775117', 'Glutaric acid, 2-hydroxy- (6CI,7CI,8CI)', 'A18581', 'C02630', 'Q209412']
44	Tartronate		['tartronate', 'hydroxypropanedioate', 'hydroxymalonate', 'hydroxymalonate(2-)', 'CHEBI:17649', 'DB03680', 'Q27094594']
45	Tartronic acid		['Tartronic acid', '80-69-3', '2-Hydroxymalonic acid', 'Hydroxymalonic acid', '2-Hydroxypropanedioic acid', 'Tartronicacid', 'Propanedioic acid, hydroxy-', 'hydroxypropanedioic acid', '2-Tartronic acid', '2-hydroxymalonate', 'MALONIC ACID, HYDROXY-', 'hydroxymalonate', 'UNII-34T0025E0L', 'CHEBI:16513', 'MFCD00004237', 'CHEMBL1794676', 'Propanedioic acid, hydroxy- (9CI)', '34T0025E0L', 'Propanedioic acid, 2-hydroxy-, homopolymer', '111985-13-8', 'C3H4O5', 'hydroxymalonic'acid', 'TTN', 'EINECS 201-301-1', 'hydroxy-malonic acid', 'NSC 36171', 'PubChem2066', 'Tartronic acid, 8CI', '4m6u', 'HydroxymalonsA currencyure', 'SCHEMBL15060', 'Tartronic acid, >=97.0%', 'DTXSID6075358', 'AMY6179', 'ZINC901335', 'ACT06783', 'NSC36171', 'BDBM50038354', 'NSC-36171', 'AKOS001115605', 'AS-14777', 'M568', 'FT-0600419', 'C02287', '50416-EP2311809A1', 'Q425473', 'J-524313', 'F3F5D7E2-8FF8-4206-8F30-077B0F85979B']
46	4,5-Dihydroxy-2-oxo-6-phosphonooxyhexanoic acid		[]
47	3-Methyl-2-oxovaleric acid		['3-Methyl-2-oxovaleric acid', '1460-34-0', '3-Methyl-2-oxopentanoic acid', 'alpha-Keto-beta-methylvaleric acid', 'ketoisoleucine', '2-Oxo-3-methylvalerate', '3-Ethyl-3-methylpyruvic acid', '2-oxoisoleucine', '3-methyl-2-oxopentanoate', '3-methyl-2-oxo-pentanoic acid', '2-oxo-3-methyl-n-valeric acid', '3-Methyl-2-oxovaleric', 'alpha-keto-beta-methyl-n-valeric acid', '2-Oxo-3-methylpentanoic acid', 'alpha-oxo-beta-methylvaleric acid', '2-OXO-3-METHYLVALERIC ACID', 'alpha-oxo-beta-methyl-n-valeric acid', 'alpha-Keto-beta-methylvalerate', '2-keto-3-methylvalerate', '2-oxo-3-methylpentanoate', 'alpha-Oxo-beta-methylvalerate', '2-keto-3-methylvaleric acid', '2-oxokolavenate', '(1)-3-Methyl-2-oxovaleric acid', 'Pentanoic acid, 3-methyl-2-oxo-', 'EINECS 215-955-0', 'EINECS 254-616-1', '(3R)-3-Methyl-2-oxopentanoate', '39748-49-7', 'a-Oxo-b-methylvalerate', 'a-Keto-b-methylvalerate', 'methyl ethyl pyruvic acid', '3-methyl-2-oxo-Valerate', 'ACMC-1BXT3', 'a-Oxo-b-methyl-n-valerate', 'a-Oxo-b-methylvaleric acid', '3-methyl-2-oxo-pentanoate', 'C03465', 'a-keto-b-Methyl-n-valerate', 'a-Keto-b-methylvaleric acid', '2-Oxo-3-methyl-n-valerate', 'SCHEMBL43232', '3-methyl-2-oxo-Valeric acid', '2-keto-3-methyl-valeric acid', 'a-Oxo-b-methyl-n-valeric acid', '(r)-3-methyl-2-oxopentanoate', 'a-keto-b-Methyl-n-valeric acid', 'alpha-Oxo-beta-methyl-n-valerate', 'CHEBI:35932', 'alpha-keto-beta-methyl-n-valerate', 'DTXSID50862670', 'ANW-20983', 'MFCD00002582', 'AKOS006220526', 'AS-58809', '3-Methyl-2-oxopentanoic acid, AldrichCPR', 'HY-113063', 'CS-0059473', 'FT-0628729', 'FT-0703216', 'K0020', 'W-108131', 'Q23905808']
48	alpha-Ketoglutaramate		['alpha-Ketoglutaramate', '5-amino-2,5-dioxopentanoic acid', '2-Oxoglutaramic acid', '18465-19-5', '2-oxoglutaramate', '2-keto-glutaramic acid', '2-Ketoglutaramate', 'Pentanoic acid, 5-amino-2,5-dioxo-', '2-keto-glutaramate', '5-AMINO-2,5-DIOXO-PENTANOIC ACID', '4-carbamoyl-2-oxobutanoic acid', 'SCHEMBL1062796', 'CHEBI:30882', 'DTXSID60171604', 'ZINC1532789', 'C00940', 'Q27104163']
49	3-Methyl-2-oxobutanoic acid		['3-Methyl-2-oxobutanoic acid', '759-05-7', '3-methyl-2-oxo-butanoic acid', '3-Methyl-2-oxobutyric acid', '2-Ketoisovaleric acid', 'alpha-Ketoisovaleric acid', 'alpha-ketovaline', 'alpha-Ketoisovalerate', '2-oxoisovalerate', '2-ketovaline', '2-Oxoisovaleric acid', 'Butanoic acid, 3-methyl-2-oxo-', 'Dimethylpyruvic acid', '3-methyl-2-oxobutanoate', '2-keto-3-methylbutyric acid', 'Isopropylglyoxylic acid', '2-Oxo-3-methylbutanoic acid', '2-oxo-3-methylbutanoate', 'alpha-keto-isovaleric acid', 'alpha-oxoisovalerate', 'alpha-Oxoisovaleric acid', '2-oxoisopentanoate', 'UNII-34P71D50E0', '2-Oxo-3-methylbutyric acid', '3-methyl-2-oxo-Butyric acid', 'CHEMBL146554', 'alpha-oxo-beta-methylbutyricacid', 'CHEBI:16530', 'MFCD00040427', '34P71D50E0', 'a-ketoisovaleric acid', '2-Ketoisovalerate', 'KIV', '3-Methyl-2-oxobuttersaeure', 'Dimethylpyruvate', 'a-Oxoisovalerate', 'a-Ketoisovalerate', 'Isopropylglyoxylate', '(RS)-3-Methyl-2-oxobuttersaeure', 'a-keto-Isovalerate', 'EINECS 212-065-4', 'a-Oxoisovaleric acid', 'Valine, 2-oxo-', 'dimethyl pyruvic acid', '2-Ketoisvaleric acid', 'a-keto-Isovaleric acid', 'a-Oxo-b-methylbutyrate', 'a-keto-b-Methylbutyrate', '2-Oxo-3-methylbutyrate', '2-keto-3-Methylbutyrate', '3-Methyl-2-oxobutinoate', '2-Oxo-3-methyl-butyrate', '3-methyl-2-oxo-Butyrate', '3-methyl-2-oxo-Butanoate', 'a-Oxo-b-methylbutyric acid', 'ACMC-209p0q', 'bmse000101', 'a-keto-b-Methylbutyric acid', 'SCHEMBL42329', '3-Methyl-2-oxobutinoic acid', 'alpha-Oxo-beta-methylbutyrate', 'alpha-keto-beta-Methylbutyrate', 'DTXSID6061078', 'alpha-Oxo-beta-methylbutyric acid', 'alpha-keto-beta-Methylbutyric acid', 'ZINC1532553', 'ANW-36696', 'BDBM50390989', 'LMFA01020274', 's6148', 'AKOS006272906', 'CS-W006057', 'DB04074', 'DS-0555', 'HY-W006057', 'SY005235', 'DB-075036', 'ALPHA-KETOISOVALERIC ACID; KETOVALINE', 'FT-0616073', 'C00141', 'Q2823217', 'W-104383', '9131EA12-7229-4467-B548-60787FD0B557']
50	2-Keto-L-gluconate		['2-keto-L-gluconate', '3,4,5,6-tetrahydroxy-2-oxohexanoic acid', '91548-32-2', 'Gluconic acid, 2-oxo-', '2-keto-D-gluconate', 'D-arabino-Hexulosonic acid', '2-Ketoidonate', '2-Ketogluconsaure', 'EINECS 211-574-9', '2-Keto-L-galactonic acid', 'SCHEMBL2903691', 'CHEBI:88378', 'NSC87544', 'CCG-40508', 'NSC-87544', 'WURCS=2.0/1,1,0/[AOxxxh]/1/', 'FT-0612737', 'Q27160223', 'C148B2AC-3424-4B69-892E-44B5D2F8C070']
51	2-Oxoglutaric acid		['2-ketoglutaric acid', '2-Oxopentanedioic acid', '328-50-7', 'alpha-ketoglutaric acid', '2-oxoglutaric acid', '2-oxoglutarate', 'Oxoglutaric acid', 'alpha-ketoglutarate', 'Oxoglutarate', 'Alphaketoglutaric acid', 'alpha-Oxoglutaric acid', '2-Oxo-1,5-pentanedioic acid', 'Pentanedioic acid, 2-oxo-', 'alpha Ketoglutarate', 'oxogluric acid', 'Glutaric acid, alpha keto', '2-ketoglutarate', 'Pentanedioic acid, oxo-', 'Oxoglurate', '2-Oxo-Glutaric Acid', 'Bis(L-arginin)-2-oxoglutarat', 'Glutaric acid, 2-oxo-', 'a-ketoglutaric acid', 'alpha ketoglutaric acid', 'MFCD00004165', 'AI3-26938', 'NSC 17391', 'alpha-Ketoglutaric acid alpha', 'UNII-8ID597Z82X', 'Glutaric acid, 2-oxo- (8CI)', '2-oxo-pentanedioic acid', 'alpha-keto-Glutaric acid', 'NSC17391', '.alpha.-Oxoglutaric acid', '.alpha.-Ketoglutaric acid', 'CHEMBL1686', 'CHEBI:30915', '17091-15-5', '8ID597Z82X', 'NSC-17391', '378-50-7', '2-oxopentanedionate', 'DSSTox_CID_13179', 'DSSTox_RID_79054', 'DSSTox_GSID_33179', 'Pentanedioic acid, 2-oxo-, sodium salt', 'Pentanedioic acid, 2-oxo-, sodium salt (1:?)', 'ketoglutaric acid', 'Ketoglutaric Acids', 'CAS-328-50-7', 'Oxoglurate [INN]', '22202-68-2', '997-43-3', 'AKG', 'EINECS 206-330-3', 'alpha-Ketoglutaricum acidum', 'C5H6O5', '3ouj', '4nro', '4oct', '4qkd', '4usi', 'keto glutaric acid', '2-oxoglutaric-acid', '2-oxo-pentanedioicaci', 'alpha-oxo-glutaric acid', 'alpha-Oxopentanedioic acid', 'ACMC-1BMR3', '2-Oxo-1,5-pentanedioate', 'bmse000064', 'bmse000801', 'bmse000937', 'SCHEMBL7400', 'NCIStruc1_001710', 'NCIStruc2_000215', '2-Ketoglutaric acid, 98%', 'Glutaric acid, .alpha.-keto-', 'GTPL3636', 'DTXSID5033179', 'EBD44199', 'NCI17391', 'Pentanedioic acid, 2-oxo- (9CI)', 'ZINC1532519', 'Tox21_110016', 'Tox21_200918', 'ANW-27470', 'BBL010614', 'BDBM50303766', 'CCG-37641', 'NCGC00013225', 's6237', 'SBB056419', 'STK002174', 'AKOS000120908', 'CS-W014352', 'DB02926', 'DB03806', 'DB08845', 'HY-W013636', 'MCULE-5148157449', 'NCGC00013225-01', 'NCGC00013225-02', 'NCGC00013225-03', 'NCGC00013225-04', 'NCGC00013225-05', 'NCGC00013225-06', 'NCGC00090946-01', 'NCGC00090946-02', 'NCGC00258472-01', '34410-46-3', 'alpha-Ketoglutaric acid, >=99.0% (T)', 'AS-12579', 'NCI60_001411', 'SY004310', 'DB-048280', 'AM20090486', 'FT-0612734', 'FT-0670633', 'K0005', 'ST45138045', 'C00026', 'D70548', 'K-2400', '11044-EP2269610A2', '11044-EP2277848A1', '11044-EP2289510A1', '11044-EP2316457A1', '11044-EP2316458A1', '11044-EP2316825A1', '11044-EP2316826A1', '11044-EP2316827A1', '11044-EP2316828A1', 'AB00640269-03', 'A855282', 'Q306140', 'alpha-Ketoglutaric acid, >=98.5% (NaOH, titration)', 'Z57127547', 'F2191-0182', '15118487-024F-412C-9995-24E8E6CA72EF', 'alpha-Ketoglutaric acid, BioReagent, suitable for cell culture, suitable for insect cell culture']
52	CID52; (Acyl-CoA); [M+H]+;		['CID52; (Acyl-CoA); [M+H]+;']
53	Alphamethylacetoacetyl CoA		['alphamethylacetoacetyl CoA', 'alpha-methylacetoacetyl-CoA', 'S-(2-methyl-3-oxobutanoate', 'SCHEMBL4368659', 'S-(2-methyl-3-oxobutanoic acid', 'alpha-methylacetoacetyl-Coenzyme A', 'S-(2-methyl-3-oxobutanoate) CoA', 'S-(2-methyl-3-oxobutanoate) Coenzyme A']
54	S-[2-[3-[[4-[[[5-(6-Aminopurin-9-yl)-4-hydroxy-3-phosphonooxyoxolan-2-yl]methoxy-hydroxyphosphoryl]oxy-hydroxyphosphoryl]oxy-2-hydroxy-3,3-dimethylbutanoyl]amino]propanoylamino]ethyl] 2-methylbutanethioate		['2-methylbutyryl-CoA', 'SCHEMBL2935253', 'Q2813821']
55	3-(3,7,11,15,19,23,27,31-Octamethyldotriaconta-2,6,10,14,18,22,26,30-octaenyl)benzene-1,2-diol		[]
56	2-(3,7,11,15,19,23,27-Heptamethyldotriaconta-2,6,10,14,18,22,26,30-octaenyl)-6-methoxyphenol		[]
57	2-(3,7,11,15,19,23,27,31-Octamethyldotriaconta-2,6,10,14,18,22,26,30-octaenyl)phenol		[]
58	2-Oxobutanoic acid		['2-oxobutanoic acid', '2-oxobutyric acid', '2-ketobutyric acid', '600-18-0', 'alpha-ketobutyric acid', 'BUTANOIC ACID, 2-OXO-', 'Ketobutyrate', '2-oxobutyrate', '3-Methylpyruvic acid', 'Pyruvic acid, methyl-', 'Butyric acid, 2-oxo-', 'Formic acid, propionyl-', '2-Ketobutanoic acid', 'alpha-Oxo-n-butyric acid', 'alpha-oxobutyric acid', 'Propionylformic acid', '3-methyl pyruvic acid', '2-Oxo-n-butyric acid', 'alpha-ketobutyrate', '2-oxo-butyrate', '2-oxo-Butyric acid', '2-oxo-butanoic acid', 'alpha-Ketobutric acid', '2-keto-butyrate', 'alpha-Keto-n-butyric acid', 'UNII-B92RB6HY1A', 'FEMA No. 3723', '2-Ketobutanoate', '.alpha.-Ketobutric acid', '.alpha.-Oxobutyric acid', '.alpha.-Ketobutyric acid', 'NSC 60533', '.alpha.-Oxo-n-butyric acid', 'B92RB6HY1A', 'Butyric acid, 2-oxo- (8CI)', 'CHEBI:30831', 'Butanoic acid, 2-oxo- (9CI)', 'MFCD00004164', 'a-Ketobutyric acid', '2KT', 'oxobutyric acid', 'a-Ketobutyrate', 'a-Oxobutyrate', 'propionyl-formate', '3-Methylpyruvate', '2-Oxo-Butanoate', 'a-Oxobutyric acid', 'a-Oxo-n-butyrate', 'a-keto-n-Butyrate', '2-Oxo-n-butyrate', 'methyl pyruvic acid', 'methyl-Pyruvic acid', 'EINECS 209-986-9', '.alpha.-Oxobutyrate', '2-keto-butyric acid', 'propionyl-formic acid', 'alpha-Oxo-n-butyrate', 'alpha-Keto-n-butyrate', 'a-Oxo-n-butyric acid', 'alpha-Oxobutanoic acid', 'a-keto-n-Butyric acid', '2-Oxobutanoic acid #', '4b5t', 'ACMC-1AW4C', 'bmse000325', '2-Ketobutyric acid, 97%', 'SCHEMBL24128', '.alpha.-Keto-n-butyric acid', 'CHEMBL171246', 'DTXSID9060524', '2-Oxobutyric acid, >=95%, FG', 'NSC60533', 'ZINC1532540', 'ANW-33412', 'CO0049', 'LMFA01060002', 'NSC-60533', 's6329', 'AKOS005207091', '2-Oxobutyric acid, analytical standard', 'AM90224', 'CS-W007926', 'DB04553', 'HY-W007926', 'LS41883', 'MCULE-8360398438', 'DS-14641', 'SY011034', 'DB-000166', '2-Oxobutyric acid, purum, >=97.0% (T)', 'FT-0612731', 'O0364', 'X3296', 'C00109', 'K-1650', 'A904502', 'Q209457', '35DB7B81-3F44-4D6F-9E8B-C0F8B751D3AD']
59	2-Phosphoglyceric acid		['2-phosphoglyceric acid', '2-phosphoglycerate', 'glycerate 2-phosphate', '2553-59-5', 'DL-2-Phosphoglycerate', '3-hydroxy-2-phosphonooxypropanoic acid', '2-P-glycerate', '2-P-D-glycerate', '23295-92-3', '2-Phospho-DL-glyceric acid', 'Glyceric acid 2-phosphate', '3-hydroxy-2-(phosphonooxy)propanoic acid', 'L-2-Phosphoglyceric acid disodium salt hydrate', 'Glyceric acid-2-phosphate', 'D-2-phosphoglycerate', '2-P-glyceric acid', '2-P-D-glyceric acid', 'SCHEMBL77985', 'CHEBI:24344', '2-(dihydrogen phosphate)Glycerate', '3-Hydroxy-2-phosphonooxypropanoate', '3443-57-0', '(?)-2-O-Phosphono-L-glyceric acid', '2-(dihydrogen phosphate)Glyceric acid', 'L-2-Phosphoglyceric acid disodium salt h', 'Propanoic acid, 3-hydroxy-2-(phosphonooxy)', 'Propanoic acid, 3-hydroxy-2-(phosphonooxy)-', 'Glyceric acid, 2-(dihydrogen phosphate) (8CI)', 'Q209469', 'Propanoic acid, 3-hydroxy-2-(phosphonooxy)- (9CI)', 'D60B5ED3-6117-4D39-B1A5-E346FCBBC78C', 'L-Glycerate2-phosphatedisodiumsalt,disodiuml-2-phosphoglycerate']
60	[[5-(4-Amino-2-oxopyrimidin-1-yl)-3,4-dihydroxyoxolan-2-yl]methoxy-hydroxyphosphoryl] (2,4-dihydroxy-3-methyl-3-phosphonooxybutyl) hydrogen phosphate		[]
61	2,3-Diphosphoglyceric acid		['2,3-diphosphoglycerate', '138-81-8', '2,3-diphosphonooxypropanoic acid', '2,3-Bisphosphoglycerate', '2,3-Diphosphoglyceric acid', '2,3-Dpg', '2,3-Bisphosphoglyceric acid', '2,3-Diphospho-D-glyceric acid', 'Propanoic acid, 2,3-bis(phosphonooxy)-', 'CHEBI:28907', 'Greenwald ester', 'Diphosphoglyceric acid', 'Glycerate 2,3-diphosphate', '14438-19-8', '2,3-bis(phosphonooxy)propanoic acid', '2,3-BPG', 'D-Glyceric acid bis(dihydrogen phosphate)', 'Diphosphoglycerinsaure', '2,3-Bisphospho-glycerate', 'SCHEMBL80335', 'Glyceric acid-2,3-diphosphate', 'CHEMBL144103', 'Glyceric acid, diphosphate (6CI)', 'Glyceric acid, bis(dihydrogen phosphate)', '2,3-Bis(dihydroxyphosphinyloxy)propionic acid', 'C03339', 'Glyceric acid, bis(dihydrogen phosphate) (8CI)', 'Propanoic acid, 2,3-bis(phosphonooxy)- (9CI)', 'Propanoic acid, 2,3-bis(phosphonooxy)-, (R)-', 'Q209155', 'Glyceric acid, bis(dihydrogen phosphate), D- (8CI)', 'Propanoic acid, 2,3-bis(phosphonooxy)-, (2R)- (9CI)', 'D197673E-606F-4637-BB24-A390C435FB9F']
62	2,4,5-Trichlorocyclohexa-2,5-dien-1-ol		['2,4,5-trichlorocyclohexa-2,5-dien-1-ol', '2,4,5-Trichloro-2,5-cyclohexadiene-1-ol', '1-Hydroxyl-2,4,5-trichloro-2,5-cyclohexadiene', 'CHEBI:28989', 'C06598', 'Q27104007']
63	2,4-Diaminopentanoic acid		['2,4-diaminopentanoic acid', 'SCHEMBL60414', 'CHEBI:904', 'AKOS006363069', 'Q27105378']
64	2,5-Dichloro-2,5-cyclohexadiene-1,4-diol		['2,5-dichloro-2,5-cyclohexadiene-1,4-diol', '2,5-dichlorocyclohexa-2,5-diene-1,4-diol', '1,4-Dihydroxyl-2,5-dichloro-2,5-cyclohexadiene', 'Q61041493', '2,5-DDOL', 'AC1L18ED', 'SureCN2693689', '25-DDOL', 'SCHEMBL2693689', 'CHEBI:28975', 'c0543', '2,5-dichlorocyclohexa-2,5-dien-1,4-diol', 'C06599']
65	2,5-Dichlorohydroquinone		['2,5-dichlorohydroquinone', '824-69-1', '2,5-dichlorobenzene-1,4-diol', '1,4-Benzenediol, 2,5-dichloro-', '2,5-Dichloro-p-hydroquinone', 'Hydroquinone, 2,5-dichloro-', '2,5-Dichloro-p-benzohydroquinone', '2,5-DCHQ', '2,5-Dichloro-1,4-hydroquinone', '2,5-Dichloro-1,4-benzenediol', 'UNII-D489X4TQVD', '2,5-Dichloro-1,4-dihydroxybenzene', 'MFCD00041749', '2,5-dichlorohydroquinol', '2,5-dichloro-p-quinol', 'D489X4TQVD', '1,4-dihydroxy-2,5-dichlorobenzene', '1,4-Dichloro-2,5-dihydroxybenzene', 'CCRIS 5677', 'EINECS 212-533-8', 'NSC 48667', '2,4-hydroquinone', '2,4-dihydroxybenzene', '2.5-Dichlorohydroquinone', 'Hydroquinone,5-dichloro-', 'bmse000661', 'SCHEMBL48305', 'DTXSID4061179', '2,5-Dichlorohydroquinone, 98%', 'CHEBI:27545', 'ZINC403237', 'NSC48667', '2750AC', 'NSC-48667', 'RW3423', 'STL301456', 'Hydroquinone, 2,5-dichloro- (8CI)', 'AKOS015889031', 'MCULE-1033297128', 'QC-2163', 'VZ22728', 'AS-77070', 'ST094947', 'FT-0610314', 'A21100', 'C06600', 'Q27103188']
66	2,5-Dichlorophenol		['2,5-dichlorophenol', '583-78-8', 'Phenol, 2,5-dichloro-', '2,5-DCP', '2,5-dichloro-phenol', 'UNII-3B11G9AKBA', '3,6-dichlorophenol', 'MFCD00002174', '3B11G9AKBA', '2,5-Dichlorophenol, 98%', 'CHEBI:27929', 'DSSTox_CID_5003', 'DSSTox_RID_77621', 'DSSTox_GSID_25003', 'CAS-583-78-8', 'CCRIS 5903', 'HSDB 4287', 'NSC 6296', 'EINECS 209-520-4', 'BRN 1907692', 'PubChem3697', 'ACMC-1ARY1', 'bmse000673', 'EC 209-520-4', 'DICHLOROPHENOL-2,5', '4-06-00-00942 (Beilstein Handbook Reference)', 'BIDD:ER0560', 'SCHEMBL177878', 'CHEMBL1565192', 'DTXSID7025003', 'NSC6296', 'OTAVA-BB 1506103', 'LABOTEST-BB LTBB004366', 'ZINC388512', '2,5-DICHLOROPHENOL PESTANAL', 'NSC-6296', 'Tox21_201889', 'Tox21_303053', '2,5-DICHLO-1-HYDROXYBENZENE', 'ANW-32932', 'SBB061453', 'STL283946', 'AKOS000120929', '2,5-Dichlorophenol (ACD/Name 4.0)', '6-HYDROXY-1,4-DICHLOROBENZENE', 'AS02889', 'CS-W004071', 'MCULE-4265765893', '2,5-Dichlorophenol, analytical standard', '2,5-DICHLORO-1-HYDROXY-BENZENE', 'NCGC00091138-01', 'NCGC00091138-02', 'NCGC00091138-03', 'NCGC00257078-01', 'NCGC00259438-01', 'AC-10424', 'S791', 'DB-053197', 'D0393', 'FT-0610322', 'ST50824836', '2,5-Dichlorophenol 10 microg/mL in Methanol', '2,5-Dichlorophenol 100 microg/mL in Methanol', 'C06602', '2,5-Dichlorophenol, purum, >=98.0% (HPLC)', 'W-105392', '2,5-Dichlorophenol, PESTANAL(R), analytical standard', 'Q13427538', 'F0001-1524', 'UNII-AZ1041M258 component RANCECPPZPIPNO-UHFFFAOYSA-N', 'UNII-GP679I31BO component RANCECPPZPIPNO-UHFFFAOYSA-N']
67	2,5-Diketogluconsaure		['2,5-Diketogluconsaure']
68	2-C-Methyl-D-erythritol-2,4-cyclopyrophosphate		['141816-32-2', '2-C-Methyl-D-erythritol-2,4-cyclopyrophosphate', 'Mbtcpp', '2-Methyl-butan-1,2,3,4-tetraol-2,4-cyclopyrophosphate', 'ACMC-20c9zk', 'DTXSID10931210', '1,3,5,2,4-Trioxadiphosphocane-6-methanol,2,4,7-trihydroxy-6-methyl-, 2,4-dioxide', '2,4,7-Trihydroxy-6-methyl-1,3,5,2,4-trioxadiphosphene-6-methanol 2,4-dioxide', 'Q2813809', '1,3,5,2,4-Trioxadiphosphene-6-methanol, 2,4,7-trihydroxy-6-methyl-, 2,4-dioxide', '2,4,7-Trihydroxy-6-(hydroxymethyl)-6-methyl-1,3,5,2lambda~5~,4lambda~5~-trioxadiphosphocane-2,4-dione', '2,4-dihydroxy-6-(hydroxymethyl)-6-methyl-2,4-dioxo-1,3,5,2lambda5,4lambda5-trioxadiphosphocan-7-ol']
69	2-Hydroxy-6-oxo-2,4-heptadienoic acid		['2-Hydroxy-6-oxo-2,4-heptadienoic acid', '2-hydroxy-6-oxohepta-2,4-dienoic acid', '7244-95-3', 'CHEBI:90886', '2-hydroxy-6-keto-2,4 heptadienoic acid', 'Q27162860']
70	4-Methyl-2-oxopentanoic acid		['4-methyl-2-oxopentanoic acid', '4-Methyl-2-oxovaleric acid', '816-66-0', 'alpha-Ketoisocaproic acid', 'Ketoleucine', 'alpha-ketoisocaproate', 'Pentanoic acid, 4-methyl-2-oxo-', '2-OXO-4-METHYLPENTANOIC ACID', '2-Oxoisocaproate', '4-methyl-2-oxopentanoate', '2-Oxoisohexanoate', 'alpha-oxoisocaproate', '.alpha.-Ketoisocaproic acid', 'alpha-Oxoisohexanoate', '2-Oxoisocaproic acid', '4-methyl-2-oxo-pentanoic acid', 'UNII-4GUJ8AH400', '2-KETOISOCAPROIC ACID', 'Isopropylpyruvic acid', 'a-Ketoisocaproic acid', '2-ketoisocaproate', '2-oxo-4-methylpentanoate', '2-Keto-4-methylpentanoic acid', '4GUJ8AH400', 'CHEMBL445647', 'CHEBI:48430', 'MFCD00066204', 'ketoisocaproate', '2-keto-4-methyl-pentanoate', '2-keto-4-Methylvalerate', 'alpha-keto-isocaproic acid', '2-Oxo-4-methylvaleric acid', 'oxoisocaproate', 'a-Oxoisocaproate', 'Methyloxovalerate', 'a-Ketoisocaproate', '2-Oxoleucine', 'oxoisocaproic acid', 'a-Ketoisocapronate', 'ketoisocaproic acid', 'EINECS 212-435-5', 'methyloxovaleric acid', 'a-Oxoisocaproic acid', 'alpha-Ketoisocapronate', 'alpha-keto-isocaproate', 'a-Ketoisocapronic acid', '4h7q', 'alpha-Oxoisocaproic acid', '2-Oxo-4-methylvalerate', 'alpha-Ketoisocapronic acid', '4-methyl-2-oxo-Valerate', 'ACMC-209pm0', 'bmse000383', '2K-4CH3-PENTANOATE', 'SCHEMBL43491', '2-keto-4-Methylvaleric acid', '4-methyl,2-oxopentanoic acid', '4-methyl-2-oxo-Valeric acid', '4-methyl-2-oxo pentanoic acid', 'GTPL4656', 'DTXSID6061157', '4-Methyl-2-oxopentanoic acid #', 'STR07443', 'ZINC1532578', 'ANW-37462', 'BDBM50390988', 's2987', 'AKOS009157216', 'CS-W013438', 'DB03229', 'HY-W012722', 'MCULE-4155006996', 'VZ20257', 'NCGC00246997-01', 'NCGC00246997-02', 'AC-15579', 'DB-056548', 'FT-0619014', 'K0025', 'ST51015029', '4-Methyl-2-oxovaleric acid, >=98.0% (T)', 'C00233', '816K660', 'A840181', 'Q622421', 'W-104201', 'FC872D44-3E9A-431D-9F84-6FEF64BFEF19']
71	2-Oxoadipic acid		['2-Oxoadipic acid', '2-Oxohexanedioic acid', '3184-35-8', 'alpha-Ketoadipic acid', '2-oxoadipate', 'Oxoadipic acid', '2-Oxo-hexanedioic acid', '2-ketoadipate', '2-Ketoadipic acid', 'alpha-Oxoadipic acid', 'Hexanedioic acid, 2-oxo-', 'Oxoadipate', '2-keto-adipate', 'UNII-BB72FKL1M2', '2-oxohexanedionic acid', 'BB72FKL1M2', 'alpha-ketoadipate', '2-oxohexanedioate', 'a-oxoadipic acid', 'a-Ketoadipic acid', 'a-Ketoadipate', 'a-Oxoadipate', 'alpha-ketodipate', 'alpha-Oxoadipate', '2-Oxo-hexanedioate', 'OOG', 'alpha-keto-adipic acid', '.alpha.-Ketoadipic acid', '2-Oxohexanedioic acid #', 'SCHEMBL27768', 'GTPL4657', 'HEXANEDIOIC ACID,2-OXO-', 'CHEBI:15753', 'FGSBNBBHOZHUBO-UHFFFAOYSA-', 'DTXSID20185702', 'ZINC1532613', 'LMFA01170121', 'AKOS006230506', '2-Oxoadipic acid, >=95.0% (HPLC)', 'AS-57416', 'DS-016470', 'HY-113227', 'CS-0059355', 'Hexanedioic acid, 2-oxo- (7CI,8CI,9CI)', 'C00322', 'Q2823207']
72	3,4-Dihydroxybenzoic acid		['3,4-DIHYDROXYBENZOIC ACID', 'protocatechuic acid', '99-50-3', 'Protocatehuic acid', '4-Carboxy-1,2-dihydroxybenzene', 'protocatechuate', 'Benzoic acid, 3,4-dihydroxy-', '4,5-Dihydroxybenzoic acid', 'MFCD00002509', 'UNII-36R5QJ8L4B', 'Catechol-4-carboxylic Acid', 'CCRIS 6291', '3, 4-Dihydroxybenzoic acid', 'CHEMBL37537', 'MLS000737807', '36R5QJ8L4B', 'EINECS 202-760-0', 'CHEBI:36062', 'NSC 16631', 'BRN 1448841', '1ykp', '3,4-dihydroxybenzoic acid (protocatechuic acid)', 'Protocatechuic acid polymer', '3,4-Dihydroxybenzoic acid, 97%', '3,4-Dihydroxy Benzoic Acid', 'NSC16631', 'Benzoic acid, 3,4-dihydroxy- (9CI)', 'DB03946', 'SMR000528167', 'C00230', 'D-3487', 'Hypogallic acid', 'b-Resorcylate', 'beta-Resorcylate', '4fht', 'Protacatechuic Acid', 'ZINCSELENITE', 'Carbohydroquinonic acid', 'cid_72', 'ACMC-209scu', 'Protocatechuic Acid,(S)', 'DSSTox_CID_1212', 'Protocatechuic acid (M1)', 'bmse000328', '3,4-dihydroxy-benzoic acid', 'DSSTox_RID_76012', 'DSSTox_GSID_21212', 'SCHEMBL39435', '3,4-Dihydroxybenzoate, VIII', 'Pyrocatechol-4-carboxylic Acid', 'DTXSID4021212', 'ZINC13246', 'HMS2270A17', 'KUC104409N', 'ACN-S002778', 'ACT07872', 'HY-N0294', 'Tox21_200167', 'ANW-41020', 'BBL012232', 'BDBM50100861', 'CP0105', 'NSC-16631', 's3975', 'SBB061371', 'STL163570', 'AKOS000119632', 'AC-9617', 'CCG-207950', 'CS-6092', 'KSC-10-128', 'MCULE-8964889860', 'CAS-99-50-3', 'Oxidative polymer of protocatechuic acid', 'NCGC00246757-01', 'NCGC00246757-02', 'NCGC00257721-01', 'AS-10808', 'SY014104', 'AB0008267', 'DB-021903', 'AM20060767', 'FT-0600028', 'N2466', 'ST50824448', '3,4-Dihydroxybenzoic acid, >=97.0% (T)', '3,4-Dihydroxybenzoic acid, analytical standard', '3,4-dihydroxybenzoate;3,4-Dihydroxybenzoic acid', '002D509', 'A846038', 'AE-562/40524392', 'Q418599', '976C8CCE-B25D-4E0A-9A6F-3CEEA7A6964F', '3,4-Dihydroxybenzoic acid, Vetec(TM) reagent grade, 97%', 'Protocatechuic acid, primary pharmaceutical reference standard', 'Protocatechuic acid, United States Pharmacopeia (USP) Reference Standard', '1225528-47-1']
73	Adenosine-3',5'-bisphosphate		['adenosine-3',5'-bisphosphate', 'CHEMBL416789', 'SCHEMBL15498428', 'BDBM50062279', 'Adenosine-3',5'-bisphosphate (pAp)', 'Phosphoric acid mono-[5-(6-amino-purin-9-yl)-4-hydroxy-2-phosphonooxymethyl-tetrahydro-furan-3-yl] ester']
74	Acetoacetyl CoA		['Acetoacetyl coa', '1420-36-6', 'SCHEMBL4368632']
75	3-Aminopropanal		['3-Aminopropanal', '352-92-1', '3-Aminopropionaldehyde', 'Propanal, 3-amino-', 'beta-Aminopropion aldehyde', 'Propanal, 3-amino-(9CI)', 'UNII-ML707Y407U', 'ML707Y407U', 'omega-aminoaldehydes', 'ACMC-1CRJ2', 'CHEBI:18090', 'CHEBI:27390', 'DTXSID10188702', 'ANW-34363', 'AKOS006341697', 'C05665', 'Q22984448']
76	3-Hydroxyandrost-5-en-17-one		['3-Hydroxyandrost-5-en-17-one', '3-hydroxy-10,13-dimethyl-1,2,3,4,7,8,9,11,12,14,15,16-dodecahydrocyclopenta[a]phenanthren-17-one', 'Spectrum_000661', 'SpecPlus_000094', 'Androst-5-en-17-one, 3-hydroxy-, (3.beta.)-', 'Spectrum2_000359', 'Spectrum3_000116', 'Spectrum4_001395', 'Spectrum5_000130', 'KBioGR_001750', 'KBioSS_001141', 'CHEMBL31399', 'DivK1c_006190', 'SPBio_000457', 'SCHEMBL9969169', 'CHEBI:95212', 'KBio1_001134', 'KBio2_001141', 'KBio2_003709', 'KBio2_006277', 'KBio3_000872', 'ALBB-023670', 'Androst-5-en-17-one, 3-hydroxy-', 'CCG-38634', 'AKOS015998159', 'SMP2_000186', 'LS-14740', 'Q27167029']
77	2-Isopropylmalic acid		['2-Isopropylmalic acid', '3237-44-3', '2-hydroxy-2-isopropylsuccinic acid', 'alpha-isopropylmalate', 'alpha-isopropylmalic acid', '2-hydroxy-2-propan-2-ylbutanedioic acid', '2-Hydroxy-2-(1-methylethyl)butanedioic acid', '3-carboxy-3-hydroxyisocaproic acid', '2-hydroxy-2-(propan-2-yl)butanedioic acid', 'butanedioic acid, 2-hydroxy-2-(1-methylethyl)', 'isopropylmalic acid', '3-hydroxy-4-methyl-3-carboxypentanoate', '3-carboxy-3-hydroxy-4-methylpentanoate', 'ACMC-1BNF9', 'bmse000982', 'bmse001025', 'Malic acid, 2-isopropyl-', 'SCHEMBL59972', '2-Isopropylmalic acid, 98%', 'CHEBI:28635', 'beta-hydroxy-beta-carboxy-isocaproic acid', '3-carboxy-3-hydroxy-4-methylpentanoic acid', 'Butanedioic acid, 2-hydroxy-2-(1-methylethyl)-', 'J-018719', 'Q15426256', 'CD7B7575-5C65-4347-9BAC-D899775FC34D']
78	3-Chloroalanine		['3-Chloroalanine', '2-amino-3-chloropropanoic acid', '3-CHLORO-DL-ALANINE', '3981-36-0', '13215-35-5', 'DL-3-Chloroalanine', 'beta-chloro-DL-alanine', 'beta-Chloroalanine', 'H-beta-Chloro-Ala-OH', 'N-Chloroalanine', 'MFCD00046536', 'MFCD01632068', 'b-chloro-dl-alanine', 'H-Ala(Cl)-OH.HCl', 'D-Alanine, 3-chloro-', '.beta.-Chloro-D-alanine', 'ACMC-20a5m2', 'SCHEMBL890419', '2-azaniumyl-3-chloropropanoate', 'CHEBI:88164', 'DTXSID70927558', 'alanine, 3-chloro-, hydrochloride', 'HMS3749A15', 'alpha-Amino-beta-chlor-propionsaure', 'ALBB-018637', 'NSC337715', 'AKOS006228265', 'MCULE-3020306643', 'NSC-337715', 'SY034145', 'SY034148', 'FT-0692131', 'FT-0694618', 'Q27160094']
79	3-Cyanopyridine		['3-cyanopyridine', 'Nicotinonitrile', '100-54-9', '3-PYRIDINECARBONITRILE', 'pyridine-3-carbonitrile', 'Nicotinic acid nitrile', '3-Pyridinenitrile', '3-Pyridylcarbonitrile', '3-Azabenzonitrile', '3-Cyjanopirydyna', 'Nitryl kwasu nikotynowego', 'NSC 17558', 'UNII-X64V0K6260', 'CHEBI:86556', 'MFCD00006372', 'X64V0K6260', '3-Cyanopyridine, 98%', 'DSSTox_CID_6665', 'DSSTox_RID_78179', 'DSSTox_GSID_26665', '3-Cyjanopirydyna [Polish]', 'CAS-100-54-9', 'HSDB 5335', '3-Pyridinecarboxylic acid, nitrile', 'Nitryl kwasu nikotynowego [Polish]', 'EINECS 202-863-0', 'BRN 0107711', 'AI3-15766', '3-cyano pyridine', '3-Pyridyl cyanide', 'PncA Inhibitor, 5', 'Pyridine, 3-cyano-', 'PubChem11233', 'ACMC-1CADF', 'bmse000622', 'EC 202-863-0', 'SCHEMBL28776', '5-22-02-00115 (Beilstein Handbook Reference)', 'Nicotinamidase Inhibitor, 23', '3-Pyridinecarbonitrile, 98%', 'ARONIS25344', 'CHEMBL3181972', 'DTXSID1026665', 'BDBM92856', 'ZINC331637', 'NSC17558', 'Tox21_201669', 'Tox21_300354', 'ANW-14315', 'BBL037217', 'NSC-17558', 'SBB007554', 'STK046164', 'AKOS000119616', 'AC-2424', 'AM81277', 'FG-0468', 'MCULE-9131126037', 'NCGC00248004-01', 'NCGC00248004-02', 'NCGC00254450-01', 'NCGC00259218-01', 'DB-023674', 'CS-0003918', 'FT-0615558', 'FT-0665307', 'ST45054138', '144170-EP2270505A1', '144170-EP2287165A2', '144170-EP2287166A2', '144170-EP2292620A2', 'AC-907/25014098', 'W-108955', 'Q18730591', 'Z57899719', 'F2108-0102', '6C16C9E3-90DC-4565-9F55-F6CC5D13CC33']
80	4,5-Dihydroxy-3-oxocyclohexene-1-carboxylic acid		['4,5-dihydroxy-3-oxocyclohexene-1-carboxylic acid', 'SCHEMBL799755', 'CHEBI:177846', 'FT-0604374', '4,5-Dihydroxy-3-oxo-1-cyclohexene-1-carboxylic acid', '1-Cyclohexene-1-carboxylic acid, 4,5-dihydroxy-3-oxo-, (4S,5R)-']
81	4,5,6-Trihydroxy-2-oxo-7-phosphonooxyheptanoic acid		['SCHEMBL2619139']
82	1-Cyclohexene-1-carboxylic acid, 5-((1-carboxyethenyl)oxy)-4-hydroxy-3-(phosphonooxy)-		['27840-48-8', '5-(1-carboxyethenoxy)-4-hydroxy-3-phosphonooxycyclohexene-1-carboxylic acid', '1-Cyclohexene-1-carboxylic acid, 5-((1-carboxyethenyl)oxy)-4-hydroxy-3-(phosphonooxy)-', '5-Epsp', '5-Enolpyruvoylshikimate-3-phosphate', 'ACMC-20lq98', 'SCHEMBL850802', 'DTXSID20950513', '1-cyclohexene-1-carboxylic acid, 5-[(1-carboxyethenyl)oxy]-4-hydroxy-3-(phosphonooxy)-, (3R,4S,5R)-', '5-Enolpyruvoylshikimic acid 3-phosphate', '5-[(1-Carboxyethenyl)oxy]-4-hydroxy-3-(phosphonooxy)cyclohex-1-ene-1-carboxylic acid']
83	3-Phosphonylpyruvic acid		['3-Phosphonylpyruvic acid']
84	5-[2-[3-[[4-[[[5-(6-Aminopurin-9-yl)-4-hydroxy-3-phosphonooxyoxolan-2-yl]methoxy-hydroxyphosphoryl]oxy-hydroxyphosphoryl]oxy-2-hydroxy-3,3-dimethylbutanoyl]amino]propanoylamino]ethylsulfanyl]-3-hydroxy-3-methyl-5-oxopentanoic acid		['HMG-CoA', '1553-55-5', '3-Hydroxy-3-methylglutaryl-CoA', 'SCHEMBL4358590', '3-Hydroxy-3-methylglutaryl CoA', 'SCHEMBL22277142', '5-[2-[3-[[4-[[[5-(6-aminopurin-9-yl)-4-hydroxy-3-phosphonooxyoxolan-2-yl]methoxy-hydroxyphosphoryl]oxy-hydroxyphosphoryl]oxy-2-hydroxy-3,3-dimethylbutanoyl]amino]propanoylamino]ethylsulfanyl]-3-hydroxy-3-methyl-5-oxopentanoic acid', 'DL-3-Hydroxy-3-methylglutaryl coenzyme A', '174531-EP2284158A1', 'Coenzyme A, S-(hydrogen 3-hydroxy-3-methylglutarate)', 'Coenzyme A, S-(hydrogen 3-hydroxy-3-methylpentanedioate)']
85	Carnitinium		['carnitinium', 'Carnitine', 'CHEBI:3424', '461-05-2', '3-carboxy-2-hydroxy-N,N,N-trimethylpropan-1-aminium', 'Carnitine [INN]', 'Carnitinum [INN-Latin]', 'Carnitina [INN-Spanish]', '3-carboxy-2-hydroxy-N,N,N-trimethylpropan-1-aminium chloride', '1-Propanaminium, 3-carboxy-2-hydroxy-N,N,N-trimethyl-, chloride', 'gamma-Trimethyl-hydroxybutyrobetaine', '3-hydroxy-4-trimethylammoniobutanoate', '461-06-3', '(3-Carboxy-2-hydroxypropyl)trimethylammonium hydroxide inner salt', 'L(-)-Carnitine hydrochloride', 'Spectrum_000067', 'Spectrum2_000009', 'Spectrum3_000576', 'Spectrum4_000388', 'Spectrum5_001473', 'bmse000074', 'bmse000949', 'BSPBio_001992', 'KBioGR_000915', 'KBioSS_000467', 'DivK1c_000470', 'SCHEMBL374454', 'SPBio_000017', 'PRO123', 'CHEMBL1620698', 'KBio1_000470', 'KBio2_000467', 'KBio2_003035', 'KBio2_005603', 'KBio3_001492', 'NINDS_000470', 'ALBB-022446', 's5937', 'STL426849', 'AKOS015960448', '3-Hydroxy-4-(trimethylaminio)butanoate', 'SDCCGMLS-0066567.P001', 'D-RIBULOSEO-NITROPHENYL-HYDRAZONE', 'IDI1_000470', 'NCGC00178874-01', 'NCGC00178874-03', '3-hydroxy-4-(trimethylamino)butanoic acid', 'SBI-0051562.P002', '3-hydroxy-4-(trimethylammonio)butanoic acid', 'AB0106417', 'Trimethyl(2-hydroxy-3-carboxypropyl)aminium', 'ST45026077', 'C00487', 'AB00053811_07', 'AB00053811_08', '406C768', 'Q27106070', '1-Propanaminium, 3-carboxy-2-hydroxy-N,N,N-trimethyl-']
86	3-Hydroxyanthranilic acid		['2-Amino-3-hydroxybenzoic acid', '3-Hydroxyanthranilic acid', '548-93-6', '3-Oxyanthranilic acid', '2-AMINO-3-HYDROXY-BENZOIC ACID', '3-Hydroxy anthranilic acid', 'Benzoic acid, 2-amino-3-hydroxy-', '3-Ohaa', 'Anthranilic acid, 3-hydroxy-', '3-hydroxyanthranilate', '3-Hydroxy-anthranilsaeure', '3-Hydroxy-anthranilsaeure [German]', 'UNII-1UQB1BT4OT', '1UQB1BT4OT', '3-Hydroxy-2-aminobenzoic acid', 'CHEBI:15793', '3-Hydroxyanthranilic acid, 97%', 'MFCD00007700', 'Anthranilic acid, 3-hydroxy- (8CI)', '3-oh-anthranilic acid', '3HA', 'CCRIS 4427', '3-hydroxy-anthranilate', 'HSDB 4040', 'EINECS 208-962-5', 'NSC 522891', 'BRN 0973356', 'AI3-52837', '3-Oxyanthranilate', '3-hydroxanthranilate', 'PubChem22539', '1u1w', '3-hydroxyantranilic acid', 'WLN: ZR BQ FVQ', '3-Hydroxy-2-aminobenzoate', '3-hydroxy-Anthranilic acid', 'ACMC-209lk1', 'bmse000321', '2-amino-3-hydroxy-Benzoate', 'Oprea1_735317', 'SCHEMBL88229', 'Amino-3-hydroxy benzoic acid', '4-14-00-02071 (Beilstein Handbook Reference)', 'MLS001066415', 'CHEMBL445304', '2-Amino-3-hydroxybenzoic acid|', 'ACon1_002137', 'DTXSID40203290', 'Benzoic acid,2-amino-3-hydroxy-', 'HMS2231F22', 'HMS3373P15', 'ZINC388292', 'ALBB-024973', 'ANW-32207', 'BBL002077', 'NSC522891', 's3355', 'SBB072170', 'STK894860', 'AKOS015856349', 'CS-W001171', 'DB03644', 'GS-4375', 'HY-W001171', 'MCULE-1178445402', 'NSC-522891', 'VZ23574', 'NCGC00179794-01', 'AC-23861', 'SMR000471838', 'SY030553', 'AB0025437', 'DB-023057', 'A0316', 'AM20060669', 'FT-0615802', 'ST45027624', 'W6902', 'C00632', '23339-EP2314584A1', 'Benzoic acid, 2-amino-3-hydroxy-, hydrochloride', '548A936', 'A830395', 'Q2823213', '6B30EFED-FCCC-46EA-A7A4-40DDB1804913', 'BRD-K27265817-001-01-4']
87	3-Hydroxyisobutyric acid		['3-Hydroxyisobutyric acid', '2068-83-9', '3-Hydroxy-2-methylpropanoic acid', 'rac 3-Hydroxyisobutyric Acid', '2-Methyl-3-hydroxypropanoic Acid', '3-Hydroxyisobutyrate', 'AzureII', 'propanoic acid, 3-hydroxy-2-methyl-', 'beta-hydroxyisobutyric acid', 'SCHEMBL61073', 'CHEBI:18064', '3-hydroxy-2-methylpropionic acid', 'DTXSID20862824', 'BCP29086', 'MFCD11975300', 'AKOS008135403', 'MCULE-2772009804', 'BS-12723', 'HY-113126', 'CS-0059643', 'FT-0655656', 'FT-0669691', 'FT-0690514', '(S)-3-HYDROXY-2-METHYL-PROPIONICACID', 'EN300-55072', 'C01188', '23043-EP2314591A1', 'A936209', 'J-013525', 'Q2823215', '3-Hydroxyisobutyric acid pound>>3-Hydroxy-2-methylpropanoic acid']
88	3-Hydroxyisobutyryl-CoA		['3-Hydroxyisobutyryl-CoA', '3-hydroxy-isobutyryl-CoA', '3-hydroxy-isobutyryl-coenzyme A', '3-hydroxyisobutyryl-Coenzyme A', 'SCHEMBL17772881', '3-Hydroxy-2-methylpropanoyl-Coenzyme A', '3-Hydroxy-2-methylpropionyl-Coenzyme A']
89	3-Hydroxykynurenine		['3-Hydroxykynurenine', '3-Hydroxy-dl-kynurenine', 'Hydroxykynurenine', '484-78-6', '2147-61-7', '2-amino-4-(2-amino-3-hydroxyphenyl)-4-oxobutanoic acid', 'DL-3-Hydroxykyunrenine', '3-(3-Hydroxyanthraniloyl)alanine', 'Kynurenine, 3-hydroxy-', 'dl-3-Hydroxykynurenine', 'CHEBI:1547', 'Kynurenine, 3-hydroxy (R,S)', 'ALANINE, 3-(3-HYDROXYANTHRANILOYL)-', 'CCRIS 4426', '3-(3-hydroxyanthraniloyl)-alanine', 'NSC 96400', 'Hydroxykinurenine', 'OH-Kynurenine', 'Prestwick_659', 'Prestwick0_000451', 'Prestwick1_000451', 'Prestwick2_000451', 'Prestwick3_000451', 'WLN: ZR BQ FV1YZVQ', 'BSPBio_000522', 'SCHEMBL180582', 'SPBio_002461', 'BPBio1_000576', 'CHEMBL442576', 'BCBcMAP01_000037', 'DTXSID00862009', 'HMS1569K04', 'NSC96400', 'ANW-43661', 'MFCD00047832', 'NSC-96400', '3-(2-amino-3-hydroxybenzoyl)alanine', 'AKOS016004491', 'VC30850', 'SMP1_000159', 'NCGC00179533-01', 'DB-042892', 'FT-0634065', 'C02794', 'A815406', 'A840809', 'J-014094', 'Q2815992', 'Benzenebutanoic acid,2-diamino-3-hydroxy-.gamma.-oxo-', '.alpha.,2-Diamino-3-hydroxy-.gamma.-oxobenzenebutanoic acid', 'Benzenebutanoic acid, alpha,2-diamino-3-hydroxy-gamma-oxo- (9CI)', '2-azanyl-4-(2-azanyl-3-oxidanyl-phenyl)-4-oxidanylidene-butanoic acid', '2-Amino-4-(2-Amino-3-Hydroxy-Phenyl)-4-Oxo-Butanoic Acid; 2-Amino-4-(2-Amino-3-Hydroxy-Phenyl)-4-Keto-Butyric Acid; (+-)-Alpha,2-Diamino-3-Hydroxy-Gamma-Oxobenzenebutanoic Acid']
90	CID90; (Acyl-CoA); [M+H]+;		['CID90; (Acyl-CoA); [M+H]+;']
91	3-(3-Hydroxyphenyl)propanoic acid		['3-(3-hydroxyphenyl)propanoic acid', '621-54-5', '3-(3-hydroxyphenyl)propionic acid', 'Dihydro-3-coumaric acid', 'Benzenepropanoic acid, 3-hydroxy-', '3-Hydroxybenzenepropanoic acid', '3-(m-Hydroxyphenyl)propionic acid', '3-hydroxyhydrocinnamic acid', 'm-hydroxyphenylpropionic acid', '3-Hydroxyphenylpropionic acid', 'beta-(m-Hydroxyphenyl)propionic acid', 'HYDROCINNAMIC ACID, m-HYDROXY-', 'UNII-FJ68OF1P7C', 'beta-(3-Hydroxyphenyl)propionic acid', 'MFCD00016554', 'NSC 33135', 'NSC 39468', 'm-hydrocoumaric acid', 'Dihydro-m-coumaric acid', '3-Hydroxyphenylpropanoate', '3-(3-hydroxy-phenyl)-propionic acid', '.beta.-(m-Hydroxyphenyl)propionic acid', 'FJ68OF1P7C', '3-hydroxy-benzenepropanoic acid', 'CHEBI:1427', '3-(3'-hydroxyphenyl)propionic acid', '3-(3-hydroxyphenyl)-propionic acid', '3-(3-Hydroxy-phenyl)-propanoic acid', '.beta.-(3-Hydroxyphenyl)propionic acid', 'm-hydroxyphenylpropionate', 'm-hydroxy-hydrocinnamic acid', 'EINECS 210-692-8', 'BRN 1947445', 'AI3-32395', 'Dihydro-m-coumarate', 'Hydro-m-coumaric acid', 'm-hydroxy-Hydrocinnamate', 'ACMC-1BCXL', '3-Hydroxydihydrocinnamate', '3-Hydroxyphenylpropionate', '3-Hydroxybenzenepropanoate', 'SCHEMBL65250', '3-Hydroxydihydrocinnamic acid', '4-10-00-00630 (Beilstein Handbook Reference)', 'b-(m-Hydroxyphenyl)propionate', '3-(m-Hydroxyphenyl)propionate', 'b-(3-Hydroxyphenyl)propionate', 'CHEMBL134401', 'beta-(m-Hydroxyphenyl)propionate', 'beta-(3-Hydroxyphenyl)propionate', '3-(3-Hydroxyphenyl)propionicacid', 'DTXSID00211154', '3-(3-Hydroxy-phenyl)-propanoate', 'b-(m-Hydroxyphenyl)propionic acid', 'b-(3-Hydroxyphenyl)propionic acid', 'ZINC156346', 'ACT02962', 'NSC33135', 'NSC39468', 'ANW-46403', 'NSC-33135', 'NSC-39468', 's6074', 'SBB057915', 'AKOS000172844', 'CS-W005255', 'DS-1833', 'HY-W005255', 'MCULE-1658802071', 'Benzenepropanoic acid, 3-hydroxy- (9CI)', 'ST092342', 'SY022016', 'AB0011951', 'DB-021630', 'AM20040880', 'FT-0602143', 'C11457', 'AN-651/40987637', 'Q10395558', '3-(3-Hydroxyphenyl)propionic acid, >=98.0% (qNMR)', 'F2119-0005', 'Z1741963250']
92	3-Ethenyl-6-[hydroxy-(6-methoxyquinolin-4-yl)methyl]-1-azabicyclo[2.2.2]octan-3-ol		['FT-0670084', 'FT-0670085', 'FT-0670086', 'FT-0670087']
93	3-Oxoadipic acid		['3-Oxoadipic acid', '3-oxohexanedioic acid', 'BETA-KETOADIPIC ACID', '689-31-6', 'beta-ketoadipate', 'beta-Oxoadipic acid', '3-oxo-adipic acid', 'UNII-1379JRA56F', '3-ketoadipate', '3-keto-adipate', '3-oxo-hexanedioic acid', 'Hexanedioic acid, 3-oxo-', '1379JRA56F', '3-oxohexanedioate', 'b-oxoadipic acid', '3-Ketoadipic', 'beta-Oxoadipate', 'b-Ketoadipate', 'b-Oxoadipate', 'b-Ketoadipic acid', '3-Ketoadipic acid', 'NSC 18511', '.beta.-Ketoadipic acid', 'SCHEMBL218098', 'CHEBI:37440', 'DTXSID30218974', 'NSC18511', 'ZINC1532761', 'LMFA01170096', 'NSC-18511', 'FT-0616295', 'C00846', 'Q27117141']
94	CID94; (Acyl-CoA); [M+H]+;		['CID94; (Acyl-CoA); [M+H]+;']
95	2,4,5,6-Tetrahydroxy-3-oxohexanoic acid		['2,4,5,6-tetrahydroxy-3-oxohexanoic acid', 'SCHEMBL6755324']
96	Acetoacetic acid		['acetoacetic acid', '3-oxobutanoic acid', '541-50-4', '3-oxobutyric acid', '3-ketobutyrate', 'beta-ketobutyric acid', 'oxobutyrate', 'diacetic acid', '3-oxo-butanoic acid', 'acetylacetic acid', '3-OXO-BUTYRIC ACID', 'UNII-4ZI204Y1MC', '3-Ketobutyric acid', 'Butanoic acid, 3-oxo-', '4ZI204Y1MC', 'CHEBI:15344', '3-oxobutanate', 'AAE', '3-Oxobutyrate', 'lithium-acetoacetate', '3-ketobutanoic acid', 'acetonecarboxylic acid', 'SCHEMBL6620', 'AMOT0027', 'CHEMBL1230762', 'SCHEMBL13341499', 'DTXSID00202441', 'ZINC895089', 'LMFA01060003', 'AKOS006241271', 'AM85395', 'DB01762', 'C00164', '14750-EP2277565A2', '14750-EP2277566A2', '14750-EP2277567A1', '14750-EP2277568A2', '14750-EP2277569A2', '14750-EP2277570A2', '14750-EP2292280A1', '14750-EP2292593A2', '14750-EP2295401A2', '14750-EP2308860A1', '14750-EP2316830A2', 'Q409692', 'A6DBA337-E696-4022-A9F9-1757E3CDBFAE', 'QuadraPure(R) AK, 50-90 mesh, extent of labeling: 2.0-3.0 mmol/g loading, 1 % cross-linked with divinylbenzene']
97	3,5-Dihydroxy-2-(hydroxymethyl)-6-[4,5,6-trihydroxy-2-(hydroxymethyl)oxan-3-yl]oxyoxan-4-one		['FT-0627967']
98	3-Mercaptopyruvic acid		['3-mercaptopyruvic acid', '3-mercaptopyruvate', '2-oxo-3-sulfanylpropanoic acid', 'beta-mercaptopyruvate', '2464-23-5', 'mercaptopyruvate', 'beta-Thiopyruvic acid', '3-Mercapto-2-oxopropanoic acid', 'beta-Mercaptopyruvic acid', 'beta-thiopyruvate', 'UNII-5Z1F5OW4YB', 'Pyruvic acid, 3-mercapto-', 'propanoic acid, 3-mercapto-2-oxo-', 'Mercaptopyruvic acid', '5Z1F5OW4YB', 'BRN 1747058', 'thiopyruvate', '3-mercapto-pyruvic acid', '3-MERCAPTO-PYRUVATE', '4-03-00-01936 (Beilstein Handbook Reference)', 'SCHEMBL188201', 'GTPL5118', 'CHEBI:16208', 'beta-3-mercapto-2-oxo-propanoate', 'ZINC3869277', 'beta-3-mercapto-2-oxo-propanoic acid', 'AKOS006223734', 'Pyruvic acid, mercapto- (6CI,7CI,8CI)', 'Propanoic acid, 3-mercapto-2-oxo- (9CI)', 'FT-0696976', 'C00957', 'Q4634163']
99	S-[2-[3-[[4-[[[5-(6-Aminopurin-9-yl)-4-hydroxy-3-phosphonooxyoxolan-2-yl]methoxy-hydroxyphosphoryl]oxy-hydroxyphosphoryl]oxy-2-hydroxy-3,3-dimethylbutanoyl]amino]propanoylamino]ethyl] 3-methylbut-2-enethioate		['3-methylcrotonyl-CoA', '3-Methylcrotonyl CoA', '.beta.-Methylcrotonyl CoA', 'SCHEMBL16018847', '.beta.-Methylcrotonyl coenzyme A', 'Coenzyme A, S-(3-methyl-2-butenoate)', 'S-[2-[3-[[4-[[[5-(6-aminopurin-9-yl)-4-hydroxy-3-phosphonooxyoxolan-2-yl]methoxy-hydroxyphosphoryl]oxy-hydroxyphosphoryl]oxy-2-hydroxy-3,3-dimethylbutanoyl]amino]propanoylamino]ethyl] 3-methylbut-2-enethioate']
100	4-Hydroxy-3-(3,7,11,15,19,23,27,31-octamethyldotriaconta-2,6,10,14,18,22,26,30-octaenyl)benzoic acid		[]
101	3-Hydroxybenzaldehyde		['3-hydroxybenzaldehyde', '100-83-4', 'm-Hydroxybenzaldehyde', 'm-Formylphenol', 'Benzaldehyde, 3-hydroxy-', '3-Formylphenol', 'meta-Hydroxybenzaldehyde', '3-HYDROXY-BENZALDEHYDE', 'Benzaldehyde, m-hydroxy-', 'MFCD00003368', 'UNII-8Z2819J40E', '3-hydroxy benzaldehyde', 'CHEBI:16207', '8Z2819J40E', '3-Hydroxybenzaldehyde, 98.5%', '3-Hydroxybenzaldehyd', 'NSC 3504', 'EINECS 202-892-9', 'BRN 0507099', 'AI3-12120', '3-hydroxylbenzaldehyde', '3-oxidanylbenzaldehyde', 'm-hydroxy benzaldehyde', 'PubChem7767', '3-hydroxy benzoaldehyde', '(3-hydroxyphenyl)methanone', 'ACMC-2097so', 'EC 202-892-9', 'SCHEMBL35726', '4-08-00-00240 (Beilstein Handbook Reference)', '(3-hydroxyphenyl) formaldehyde', 'CHEMBL243816', '3-Hydroxybenzaldehyde, >=99%', 'DTXSID7059220', 'NSC3504', 'ZINC901630', 'ACT07002', 'CS-M0589', 'NSC-3504', 'STR01419', 'ANW-14374', 'BBL022923', 'CH0044', 's3157', 'SBB040208', 'STK199259', 'AKOS000119743', 'AC-1263', 'AM10771', 'LS10593', 'MCULE-7122569137', 'HY-76006', 'SY001091', 'FT-0615830', 'H0197', 'ST50213351', 'C03067', 'H-3750', 'P17108', '12829-EP2295414A1', '12829-EP2316831A1', 'Q2815988', 'F2190-0629', '3-Hydroxybenzaldehyde, purum, >=95.0% (HPLC), faintly yellow to light brown']
102	3-Hydroxybenzyl alcohol		['3-hydroxybenzyl alcohol', '620-24-6', '3-(Hydroxymethyl)phenol', 'Benzenemethanol, 3-hydroxy-', '3-Hydroxybenzenemethanol', '3-methylolphenol', 'm-Hydroxybenzyl alcohol', 'KSD 2405', 'Benzyl alcohol, m-hydroxy-', 'MFCD00004643', '3-Hydroxymethyl-phenol', '3-(hydroxymethyl)-phenol', 'UNII-H652F6XF7Y', 'H652F6XF7Y', '3-Hydroxybenzyl alcohol, 97%', 'CHEBI:17069', 'EINECS 210-633-6', 'NSC 60735', 'AI3-31880', '3-hydroxymethylphenol', '3-hydroxymethyl phenol', '3-(Hydroxymethy)phenol', '3-hydroxy benzyl alcohol', '3-hydroxy-phenyl-methanol', '3-(hydroxy)benzyl alcohol', 'ACMC-209mz3', '3-(Hydroxymethyl)phenol #', '3-[(Hydroxy)methyl]phenol', 'SCHEMBL96097', '3-Hydroxybenzyl alcohol, 99%', 'RARECHEM AL BD 0067', 'CHEMBL3337531', 'DTXSID20211035', 'ZINC388761', 'EBD45245', 'NSC60735', 'ANW-34045', 'NSC-60735', 's6363', 'SBB068731', 'AKOS000249424', 'AS00159', 'MCULE-7074343589', 'VZ26954', 'AC-10893', 'AS-12681', 'HY-78446', 'SY006445', 'AB0012322', 'DB-054044', 'CS-0008490', 'FT-0615835', 'H0918', 'ST45021353', 'C03351', '620H246', 'A833547', 'W-105054', 'Q27102196', 'F0001-1652', 'Z1258948181', '[3,4,6-triacetoxy-5-(dimethylcarbamoylamino)tetrahydropyran-2-yl]methyl acetate;3-Hydroxybenzyl Alcohol', '3HY']
103	3-Oxo-cholyl-CoA; (Acyl-CoA); [M+H]+;		['3-oxo-cholyl-CoA; (Acyl-CoA); [M+H]+;']
